"name","lat","lon","points_extract"
"aegopogon",-15.105,-49.033611,876
"aegopogon",-15.649167,-52.388056,396
"aegopogon",-19.267222,-43.603333,1013
"aegopogon",-15.716667,-48.941389,1052
"aegopogon",-15.8425,-47.816944,1079
"aegopogon",-19.682778,-46.445,1084
"aegopogon",-15.735277,-47.932777,1060
"aegopogon",-11.22333,-47.566111,563
"aegopogon",-11.69421,-47.70079,530
"aegopogon",-11,-47,470
"aegopogon",-15.627222,-48.505833,733
"aegopogon",-15.450555,-48.055,860
"aegopogon",-15.929444,-47.899444,1092
"aegopogon",-15.725444,-48.890056,1133
"aegopogon",-15.746667,-48.838889,1086
"aegopogon",-15.279444,-48.872222,599
"aegopogon",-15.781389,-48.8275,1161
"aegopogon",-15.786389,-48.772222,1145
"aegopogon",-15.725556,-48.89,1133
"aegopogon",-15.930833,-47.901944,1092
"aegopogon",-13.9295,-47.4305,1478
"aegopogon",-14.121667,-47.649722,1248
"aegopogon",-16.799314,-47.567975,1090
"aegopogon",-18.330278,-48.422222,581
"aegopogon",-14.251389,-47.846111,729
"aegopogon",-14.307778,-47.934722,648
"aegopogon",-14.167778,-47.798055,968
"aegopogon",-14.305556,-47.9325,648
"aegopogon",-14.219444,-47.737222,1150
"aegopogon",-14.174167,-47.965555,696
"aegopogon",-13.929444,-47.430278,1478
"aegopogon",-16.475753,-47.340471,920
"aegopogon",-14.11141,-47.73548,1161
"aegopogon",-14.09739,-47.71183,1161
"aegopogon",-15.726667,-48.875833,1133
"aegopogon",-18.611389,-48.304722,716
"aegopogon",-15.78,-47.804444,1037
"aegopogon",-13.666833,-47.801167,823
"aegopogon",-15.81485,-48.85849,1205
"aegopogon",-15.926389,-47.905556,1092
"aegopogon",-16.6411,-48.0123,805
"aegopogon",-16.675,-47.9943,867
"aegopogon",-16.7184,-48.0117,793
"aegopogon",-14.235278,-47.905833,654
"aegopogon",-15.657778,-48.080556,1208
"aegopogon",-15.657777,-48.080555,1208
"aegopogon",-15.824722,-48.906667,1124
"aegopogon",-15.866667,-47.85,1038
"aegopogon",-16.536889,-49.15475,791
"aegopogon",-18.439444,-51.995278,604
"aegopogon",-18.439444,-51.995278,604
"aegopogon",-15.873889,-47.847778,1038
"aegopogon",-20.164444,-47.273056,650
"aegopogon",-14.072694,-47.509333,1430
"aegopogon",-14.072694,-47.509333,1430
"aegopogon",-14.072694,-47.509333,1430
"aegopogon",-14.071389,-47.509333,1430
"aegopogon",-14.163333,-47.593056,1195
"aegopogon",-15.866667,-47.85,1038
"aegopogon",-18.066944,-47.272222,783
"aegopogon",-15.786889,-48.868028,1171
"aegopogon",-20.434444,-46.653333,845
"aegopogon",-17.422833,-47.795583,953
"aegopogon",-16.20972,-48.21444,944
"aegopogon",-20.434444,-46.653333,845
"aegopogon",-20.335,-46.812778,717
"aegopogon",-20.3425,-46.767222,945
"aegopogon",-15.896111,-47.943333,1064
"aegopogon",-16.733333,-47.679722,1075
"aegopogon",-16.745944,-47.694667,1075
"aegopogon",-16.7409,-47.690133,1075
"aegopogon",-16.745833,-47.694444,1075
"aegopogon",-15.7781,-47.8853,1104
"aegopogon",-14.56667,-48.69917,599
"aegopogon",-15.066667,-50.166667,359
"aegopogon",-15.948214,-47.878464,1092
"aegopogon",-15.9,-48,1160
"aegopogon",-14.58694,-60.84027,207
"aegopogon",-13.738889,-48.299444,854
"aegopogon",-14.702778,-47.509167,995
"aegopogon",-14.0725,-47.509167,1430
"aegopogon",-14.135278,-47.774722,1100
"aegopogon",-14.404444,-48.416389,746
"aegopogon",-18,-44,1163
"aegopogon",-15.583333,-47.883333,973
"aegopogon",-15.83,-47.95,1108
"aegopogon",-15.833333,-47.95,1108
"aegopogon",-13.89472,-60.81277,498
"aegopogon",-14.80305,-60.39277,823
"aegopogon",-15.86667,-48.05,1196
"aegopogon",-15.866667,-48.05,1196
"aegopogon",-15.8,-47.96667,1100
"aegopogon",-20.267222,-46.415556,984
"aegopogon",-15.8,-47.966667,1100
"aegopogon",-15.483935,-47.639318,960
"aegopogon",-10.124444,-48.270556,486
"aegopogon",-10.253611,-48.095833,632
"aegopogon",-10.295833,-48.127778,523
"aegopogon",-14.79833,-60.39277,823
"aegopogon",-14.60694,-60.85638,207
"aegopogon",-13.89861,-60.81277,498
"aegopogon",-13.8986,-60.8128,498
"aegopogon",-18,-44,1163
"aegopogon",-19.8694005837072,-47.4401506543322,896
"aegopogon",-14.82333,-60.38611,823
"aegopogon",-14.55833,-60.76138,541
"aegopogon",-15.866667,-47.85,1038
"aegopogon",-13.466667,-48.383333,453
"aegopogon",-14.633333,-48.966667,469
"aegopogon",-15.965,-47.8986,1155
"aegopogon",-15.9519,-47.8936,1092
"aegopogon",-15.911111,-47.914167,1079
"aegopogon",-15.965,-47.898611,1155
"aegopogon",-15.951944,-47.893611,1092
"aegopogon",-15.75,-48.3,1064
"aegopogon",-15.883333,-47.933333,1064
"aegopogon",-13.733333,-47.25,683
"aegopogon",-16.766667,-47.616667,1202
"aegopogon",-16.75,-47.616667,1202
"aegopogon",-16.77,-47.62,1202
"aegopogon",-15.8525,-48.9592,782
"aegopogon",-16.7686,-47.6136,1202
"aegopogon",-15.566667,-48.033333,1225
"aegopogon",-16.016667,-48.2,1037
"aegopogon",-15.9236,-48.8086,1008
"aegopogon",-30,-52,51
"aegopogon",-15.95,-47.9,1092
"aegopogon",-15.95,-47.933333,1079
"aegopogon",-14.116667,-47.516667,1319
"aegopogon",-14,-47,454
"aegopogon",-14.116667,-47.516667,1319
"aegopogon",-15.7834208090807,-47.9298726661488,1127
"aegopogon",-15.866667,-47.85,1038
"aegopogon",-14.1361863978701,-47.5101417129434,1240
"aegopogon",-17.8,-48.75,647
"aegopogon",-17.8,-48.75,647
"aegopogon",-16.7686,-47.6136,1202
"aegopogon",-16.823742555015,-47.6704580401791,1142
"aegopogon",-15.8525,-48.9592,782
"aegopogon",-15.8525,-48.9592,782
"aegopogon",-14.4739,-48.4597,633
"aegopogon",-14.4739,-48.4597,633
"aegopogon",-15.85,-48.85664,1101
"aegopogon",-14.5223,-48.45,709
"aegopogon",-15.7981191657884,-48.7761282105302,1126
"aegopogon",-14.116667,-47.516667,1319
"aegopogon",-17.22555,-46.8727,686
"aegopogon",-17.05385,-47.1541,852
"aegopogon",-15.73555,-47.6874,935
"aegopogon",-15.9236,-48.8086,1008
"aegopogon",-15.8,-48.77,1126
"aegopogon",-12.9,-51.37,224
"aegopogon",-12.9,-51.87,365
"aegopogon",-16,-49,748
"aegopogon",-16.7686,-47.6136,1202
"aegopogon",-15.8525,-48.9592,782
"aegopogon",-16.7686,-47.6136,1202
"aegopogon",-14,-50,308
"aegopogon",-16.0611,-50.00122,765
"aegopogon",-14,-47,454
"aegopogon",-14.1167,-47.70192,1201
"aegopogon",-16.7686,-47.6136,1202
"aegopogon",-16.72289,-47.6,1170
"aegopogon",-17,-48,842
"aegopogon",-14.0931,-46.3694,816
"aegopogon",-14.13,-46.37,807
"aegopogon",-14,-46,938
"aegopogon",-16.73193,-47.6,1170
"aegopogon",-16,-48,1184
"aegopogon",-15.9236,-48.8086,1008
"aegopogon",-16,-49,748
"aegopogon",-15.8,-47.82397,1040
"aegopogon",-16.0357639586557,-48.8091309966958,1010
"aegopogon",-15.7834208090807,-47.9298726661488,1127
"aegopogon",-15.7834208090807,-47.9298726661488,1127
"aegopogon",-15.7834208090807,-47.9298726661488,1127
"aegopogon",-15.7834208090807,-47.9298726661488,1127
"aegopogon",-10.8339,-52.8731,334
"aegopogon",-12.82,-51.77,332
"aegopogon",-19.690239,-44.096503,838
"aegopogon",-13.666944,-47.801111,823
"aegopogon",-15.8525,-48.9592,782
"aegopogon",-14.116667,-47.516667,1319
"aegopogon",-16.7686,-47.6136,1202
"aegopogon",-10.8339,-52.8731,334
"albescens",-14.120864,-47.653017,1248
"albescens",-14.071511,-47.391086,815
"albescens",-14.143056,-47.703056,1248
"albescens",-14.189722,-47.774444,1080
"albescens",-15.85,-52.267,519
"albescens",-13.566944,-45.084722,727
"albescens",-14.133333,-47.45,1252
"albescens",-14.55,-60.916667,220
"albescens",-13.766667,-47.5,948
"albescens",-14.58194,-60.84111,222
"albescens",-14.8233,-60.3861,823
"albescens",-14.5583,-60.7614,541
"albescens",-13.73,-47.25,683
"albescens",-14.116667,-47.516667,1319
"albescens",-14.116667,-47.516667,1319
"albescens",-14.116667,-47.516667,1319
"albescens",-14.116667,-47.516667,1319
"albescens",-14.116667,-47.5,1319
"albescens",-14.116667,-47.516667,1319
"albescens",-14,-47,454
"albescens",-14,-47,454
"albescens",-14.12,-47.5,1319
"albescens",-14.1103,-47.5103,1319
"albescens",-14.0755,-47.4754,1132
"albescens",-14.104,-47.4658,1179
"albescens",-13.8162297263192,-47.2651251433805,895
"albescens",-14.116667,-47.516667,1319
"albescens",-14.1167,-47.5167,1319
"albescens",-14.38,-47.53,1118
"albescens",-14,-47,454
"albescens",-10.8339,-52.8731,334
"albescens",-14,-47,454
"albescens",-14.1167,-47.65562,1248
"albescens",-14.1167,-47.52596,1319
"albescens",-14,-47,454
"albescens",-14.116667,-47.516667,1319
"albescens",-10.8339,-52.8731,334
"albescens",-12,-48,358
"araguaiensis",-6.168056,-48.56,316
"araguaiensis",-8.05,-50.17,294
"araguaiensis",-8.05,-50.17,294
"aspera",-1.860556,-54.082778,158
"aspera",-2.031944,-54.206944,96
"aspera",-1.714167,-54.748889,53
"aspera",-1.424906,-48.42,17
"aspera",-2.424906,-48.42,42
"aspera",-0.854722,-48.539167,17
"aspera",5.561389,-68.449778,83
"aspera",-7.056586,-51.409722,233
"aspera",13.575583,-84.323778,62
"aspera",8.553042,-75.196161,24
"aspera",-9.188055,-62.948611,112
"aspera",-0.823333,-48.095,14
"aspera",3.552611,-71.620611,194
"aspera",4.120583,-71.529667,164
"aspera",6.223806,-69.880056,96
"aspera",6.269583,-69.680456,97
"aspera",-0.944058,-48.020847,27
"aspera",-3.844178,-51.832289,160
"aspera",-2.500833,-45.775,30
"aspera",-2.485639,-45.778611,23
"aspera",1.7744,-61.1522,51
"aspera",1.7731,-61.1514,51
"aspera",1.477861,-60.997778,78
"aspera",1.477861,-60.984778,78
"aspera",4.596111,-60.158056,549
"aspera",-4.596111,-60.158056,43
"aspera",6.379417,-71.931833,1037
"aspera",-9.651667,-60.709444,156
"aspera",-0.702222,-51.6,9
"aspera",-9.653056,-65.171389,112
"aspera",1.490083,-61,67
"aspera",3.791389,-56.149722,304
"aspera",-1.483333,-61,66
"aspera",3.79144,-56.1496,304
"aspera",3.79144,-56.14961,304
"aspera",2.659426,-60.860145,79
"aspera",0.818,-61.657,42
"aspera",-1.063194,-46.752139,22
"aspera",6.088917,-67.710389,57
"aspera",6.069944,-67.753972,68
"aspera",-1.478806,-60.969,69
"aspera",-4.492356,-61.16415,48
"aspera",-3.391944,-61.442139,40
"aspera",-3.33825,-61.404056,45
"aspera",-3.391944,-61.442222,40
"aspera",-4.492222,-61.164167,48
"aspera",-1.478889,-60.968889,69
"aspera",-1.4789,-60.9689,69
"aspera",-4.4922,-61.1642,48
"aspera",-11.276475,-37.431192,31
"aspera",1.049917,-61.25,52
"aspera",-9.445833,-64.78,106
"aspera",1.049917,-61.249667,45
"aspera",-9.445833,-64.779722,106
"aspera",-1.05,-61.25,39
"aspera",-9.4458,-64.7797,106
"aspera",-0.896111,-51.8875,13
"aspera",-2.534444,-54.908056,63
"aspera",-2.5344,-54.9081,63
"aspera",-0.604722,-47.5775,11
"aspera",1.428083,-60.98,57
"aspera",2.785341,-61.01,83
"aspera",1.428083,-60.982889,57
"aspera",1.468278,-61.006889,67
"aspera",1.428,-60.983,57
"aspera",2.8,-72.09,172
"aspera",1.318329,-61.131878,51
"aspera",-0.5767,-51.1758,20
"aspera",1.318329,-61.131878,51
"aspera",16.631389,-88.485,40
"aspera",16.611389,-88.459444,32
"aspera",-3.198617,-52.210331,134
"aspera",-3.196111,-52.212222,134
"aspera",16.611389,-88.459444,32
"aspera",-9.311667,-64.606111,127
"aspera",-12.85436,-67.65336,176
"aspera",-12.854361,-67.653361,176
"aspera",-0.603056,-47.579722,11
"aspera",14.12694,-83.44166,51
"aspera",5.08,-52.59,11
"aspera",2.7395,-61.13,85
"aspera",2.7395,-61.13,85
"aspera",-8.655667,-64.36,92
"aspera",-8.655556,-64.361389,92
"aspera",5.23,-52.78,9
"aspera",5.23194,-52.78278,9
"aspera",4.69,-52.38,42
"aspera",2.5,-72.64,284
"aspera",-6.333056,-49.934444,570
"aspera",-4.7425,-42.532222,123
"aspera",6.1015,-67.521944,51
"aspera",4.94972,-52.44361,18
"aspera",3.59,-67.44,91
"aspera",5.305556,-67.943333,80
"aspera",4.583333,-52.266667,44
"aspera",4.61164,-56.5068,77
"aspera",4.61164,-56.50683,77
"aspera",4.612,-56.507,77
"aspera",2.5,-53.83333,213
"aspera",2.6,-54.02,187
"aspera",2.608333,-54.029167,187
"aspera",2.60833,-54.02917,187
"aspera",2.864167,-60.72,76
"aspera",3.02,-73.16,237
"aspera",4.78,-52.43,27
"aspera",4.783333,-52.433333,27
"aspera",1.443808,-60.83,70
"aspera",-3.208056,-43.403333,63
"aspera",14.216667,-83.35,13
"aspera",-6.08333,-77.1,829
"aspera",-16.1,-61.98333,474
"aspera",-0.066667,-51.516667,22
"aspera",-12.78333,-66.56666,171
"aspera",-4.083333,-41.733333,172
"aspera",-0.433333,-64,43
"aspera",0.33,-51.25,37
"aspera",-5.026461,-42.420771,172
"aspera",-52.081667,-60.6325,123
"aspera",5.61417,-66.1024,130
"aspera",4.75,-70.45,121
"aspera",1.65139,-58.6472,242
"aspera",1.663889,-58.772222,269
"aspera",1.651389,-58.647222,242
"aspera",-14.705,-61.16027,177
"aspera",-14.60361,-61.49111,287
"aspera",-12.3,-60.38,355
"aspera",-0.305,-60.386944,100
"aspera",-14.57944,-60.9125,216
"aspera",4.7364,-58.7017,66
"aspera",2,-59.56667,265
"aspera",3.94972,-58.8675,123
"aspera",4.097222,-58.875,142
"aspera",3.949722,-58.8675,123
"aspera",4.41667,-58.8333,88
"aspera",4.416667,-58.833333,88
"aspera",4.416667,-58.833333,88
"aspera",4.15,-59.0667,78
"aspera",4.15,-59.066667,78
"aspera",4.15,-59.066667,78
"aspera",5.64,-67.38,144
"aspera",-15,-59.95,199
"aspera",-14.74333,-61.02,173
"aspera",4.15,-59.0333,96
"aspera",4.15,-59.03,96
"aspera",4.15,-59.033333,96
"aspera",5.18917,-57.2853,19
"aspera",5.189167,-57.285278,19
"aspera",4.16667,-59.05,145
"aspera",4.166667,-59.05,145
"aspera",4.17,-59.05,145
"aspera",4.166667,-59.05,145
"aspera",3.433333,-59.766667,85
"aspera",3.43333,-59.76666,85
"aspera",3.43,-59.77,85
"aspera",3.3,-59.65,192
"aspera",6.5,-58.16666,20
"aspera",2.67,-59.42,135
"aspera",6.5,-58.1667,28
"aspera",5.458333,-55.191667,21
"aspera",5.45,-55.19,21
"aspera",2.775306,-72.292664,183
"aspera",4.58333,-58.7333,103
"aspera",4.583333,-58.733333,103
"aspera",4.583333,-58.733333,103
"aspera",2.72,-72.29,182
"aspera",14.106667,-83.328889,3
"aspera",2.58,-59.37,151
"aspera",2.5,-59.28333,175
"aspera",5.541667,-55.191667,18
"aspera",2.5,-59.2833,175
"aspera",2.5,-59.283333,175
"aspera",2.5,-59.283333,175
"aspera",5.5417,-55.1917,18
"aspera",2.5,-59.28,175
"aspera",-14.74361,-60.96083,173
"aspera",4.8,-60.3,911
"aspera",5.5,-70.47,109
"aspera",-14.6069,-60.8564,207
"aspera",4.81667,-60.0167,655
"aspera",4.48333,-52.31667,57
"aspera",4.36,-67.73,109
"aspera",14.16666,-83.41666,35
"aspera",-2.48,-45,6
"aspera",5.71667,-57.95,35
"aspera",5.716667,-57.95,35
"aspera",5.716667,-57.95,35
"aspera",5.72,-57.95,35
"aspera",2.48333,-54.75,343
"aspera",5.4,-67.61,151
"aspera",4.9,-68.333336,108
"aspera",4.55,-71.333336,165
"aspera",4.9,-68.33333,100
"aspera",4.55,-71.33333,170
"aspera",4.48333,-52.31666,57
"aspera",-8.266667,-72.78,218
"aspera",-8.26666,-72.78333,218
"aspera",-8.27,-72.78,218
"aspera",5.41,-53.06,15
"aspera",5.41667,-53.06667,6
"aspera",4.71667,-52.28333,14
"aspera",6.5,-58.383333,53
"aspera",6.5,-58.38,53
"aspera",5.35,-57.37,39
"aspera",5.33,-57.35,31
"aspera",5.36666,-58.11666,47
"aspera",6.2,-59.25,142
"aspera",5.08333,-52.7,32
"aspera",1.65,-58.63333,242
"aspera",7.11,-63.23,284
"aspera",5.15,-67.75,88
"aspera",5.55,-57.66666,32
"aspera",6.41667,-58.25,27
"aspera",5.316667,-61.05,1010
"aspera",-2.483333,-54.95,26
"aspera",5,-61.16666,930
"aspera",4.58333,-52.33333,27
"aspera",4.97,-52.43,12
"aspera",4.966667,-52.433333,12
"aspera",0.366667,-51.066667,24
"aspera",3.883333,-58.916667,82
"aspera",3.88,-58.91,81
"aspera",3.88,-58.92,82
"aspera",3.37,-61.42,103
"aspera",-12.5,-64.133333,135
"aspera",-10.73,-65.25,182
"aspera",5.6,-57.58,17
"aspera",5.6,-57.583333,17
"aspera",5.6,-57.58,17
"aspera",-10.733333,-65.25,182
"aspera",-12.45,-67.616667,181
"aspera",-12.45,-67.62,181
"aspera",-1.5,-60.67,66
"aspera",4.1642,-60.58,113
"aspera",2.883333,-54.07,189
"aspera",1.3,-60.58,77
"aspera",1.3,-60.58333,77
"aspera",0.3,-60.583333,75
"aspera",2.88,-54.06,189
"aspera",2.883333,-54.066667,189
"aspera",1.289304,-60.542693,80
"aspera",2.6,-54.01667,187
"aspera",2.88333,-54.06667,189
"aspera",-10.733333,-65.25,182
"aspera",-10.73333,-65.25,182
"aspera",-1.083333,-53.17,147
"aspera",-0.183333,-50.733333,10
"aspera",-3.03,-60.58,14
"aspera",-1.08,-53.17,147
"aspera",-3.033333,-60.583333,14
"aspera",-1.05,-52.7,124
"aspera",-3.033333,-60.583333,14
"aspera",-3.03,-60.58,14
"aspera",3.61666,-53.2,232
"aspera",3.61,-53.2,232
"aspera",3.62,-53.2,232
"aspera",3.61667,-53.2,232
"aspera",3.61667,-53.2,232
"aspera",-2.666667,-60.33,31
"aspera",-2.67,-60.33,31
"aspera",-2.666667,-60.333333,31
"aspera",4.66666,-61.55,961
"aspera",5.71666,-57.53333,18
"aspera",5.72,-57.53,18
"aspera",5.72,-57.53,18
"aspera",5.6,-57.58,17
"aspera",5.6,-57.58333,17
"aspera",3.1,-59.4,397
"aspera",3.1,-59.4,397
"aspera",5.3,-69.01666,90
"aspera",4.91667,-52.5,21
"aspera",5.3,-68.016667,95
"aspera",-0.516667,-76.4,253
"aspera",-3.033333,-60.583333,14
"aspera",-3.033333,-60.583333,14
"aspera",-0.72,-52.52,36
"aspera",4.5,-61.58333,862
"aspera",4.5,-61.5,984
"aspera",0.616667,-53.2,260
"aspera",1.65317,-61.056497,72
"aspera",-6.055124,-50.173616,667
"aspera",4.2,-51.65,24
"aspera",5.33,-55.5,39
"aspera",4.81,-67.43,109
"aspera",-13.08333,-67.25,165
"aspera",14.03333,-83.4,6
"aspera",14.03333,-83.38333,6
"aspera",5.016667,-61.133333,862
"aspera",5.02,-61.13,862
"aspera",4.36,-61.75,570
"aspera",-8,-63,69
"aspera",-0.133333,-63,54
"aspera",-7.7997,-63.1692,66
"aspera",-5,-63,47
"aspera",4.31666,-61.73333,497
"aspera",13.55,-84.3,62
"aspera",7.35,-62.71,274
"aspera",7.35,-62.72,274
"aspera",13.50138,-84.25277,36
"aspera",4.65,-60.95,1085
"aspera",13.55,-84.28333,41
"aspera",13.53333,-84.23333,27
"aspera",14.01666,-83.4,6
"aspera",7.46666,-63.23333,389
"aspera",11.983333,-83.766667,10
"aspera",-2.44666616415804,-54.7089799919966,33
"aspera",-1.583333,-55.53,113
"aspera",-0.98333,-54.98333,321
"aspera",-0.220997,-55.16572,434
"aspera",5.916667,-57.9,28
"aspera",-7.516667,-63.17,71
"aspera",-7.516667,-63.166667,71
"aspera",-1.05,-48.12,34
"aspera",-1.05,-48.116667,34
"aspera",5.36666,-67.55,181
"aspera",5.37,-67.55,181
"aspera",-2.17505641973007,-56.7457052359991,6
"aspera",5.61,-66.13,172
"aspera",13.53333,-84.5,55
"aspera",14.71666,-84.1,45
"aspera",14.5,-83.833333,66
"aspera",14.11555,-87.19472,1031
"aspera",13.883333,-86.933333,1301
"aspera",3.47,-59.68,100
"aspera",14.45333,-86.66888,958
"aspera",3.466667,-59.683333,100
"aspera",5.31,-66.28,535
"aspera",3.466667,-59.683333,100
"aspera",3.47,-59.68,100
"aspera",0.7772,-51.9517,95
"aspera",-0.369966872567232,-51.0670524556655,20
"aspera",5.32,-66.28,535
"aspera",3.46667,-59.68333,100
"aspera",5.8,-67.333333,120
"aspera",4.78,-52.35,17
"aspera",14.683333,-84.05,69
"aspera",14.683333,-83.5,44
"aspera",14.091667,-83.333333,3
"aspera",5.85,-67.41666,90
"aspera",14.1,-83.583333,8
"aspera",4.05,-66.81,103
"aspera",4.05,-66.82,103
"aspera",4.05,-66.82,103
"aspera",14.05,-83.4,19
"aspera",14.39166,-83.69166,53
"aspera",-2.23446332059816,-45.2999885675045,7
"aspera",14.166667,-83.5,15
"aspera",5.8,-67.33,120
"aspera",4.33,-61.8,498
"aspera",3.75,-67.066667,103
"aspera",-1.66664444855463,-45.3719930444323,9
"aspera",-1.15526681981842,-48.1298676975265,23
"aspera",-0.861649885008358,-48.1421684328451,11
"aspera",4.96,-52.46,12
"aspera",3.08205,-60.346275,105
"aspera",9.13333,-62.83333,19
"aspera",4.4881,-61.1489,898
"aspera",9.13333,-62.83333,19
"aspera",-7.516667,-63.166667,71
"aspera",-7.516667,-63.166667,71
"aspera",0.706497,-51.444125,87
"aspera",15.88333,-84.7,1
"aspera",15.88,-84.7,1
"aspera",5.35,-67.666667,111
"aspera",8.581299,-75.182994,24
"aspera",-7.5,-57.25,335
"aspera",9.266667,-62.933333,29
"aspera",9.170278,-79.420278,472
"aspera",8.81666,-62.45,24
"aspera",8.82,-62.45,24
"aspera",8.816667,-62.45,24
"aspera",9.12055,-79.04611,10
"aspera",11.995,-83.68888,5
"aspera",14.03333,-83.38333,6
"aspera",4.517778,-69.58,121
"aspera",4.574,-71.03,178
"aspera",4.562832,-70.998972,180
"aspera",13,-84.5,96
"aspera",14.58333,-84.01666,113
"aspera",14.46666,-84.10833,87
"aspera",14.75,-83.416667,20
"aspera",14.08333,-83.41666,19
"aspera",-12,-54,345
"aspera",14.03333,-83.38333,6
"aspera",14.71666,-83.78333,61
"aspera",14.75,-83.883333,59
"aspera",14.75,-83.88333,59
"aspera",14.75,-83.883333,59
"aspera",15.722778,-84.544167,9
"aspera",5.150162,-69.166722,121
"aspera",-7.2808,-64.7678,73
"aspera",5.335746,-67.865944,73
"aspera",14.733333,-83.966667,47
"aspera",14.73333,-83.96666,47
"aspera",5.53,-54.8,18
"aspera",14.73333,-83.88333,59
"aspera",14.75,-83.88333,59
"aspera",4.76,-52.31,19
"aspera",15.26666,-83.76666,8
"aspera",2.416667,-60.18,135
"aspera",2.42,-60.18,135
"aspera",0.424722,-60.187222,123
"aspera",3.41,-65.66,1619
"aspera",2.467,-60.208,131
"aspera",3.61,-52.31,137
"aspera",-9.622332,-64.940057,92
"aspera",0.733333,-51.366667,81
"aspera",14.61666,-83.91666,114
"aspera",14.55,-84,113
"aspera",14.54166,-83.99166,114
"aspera",14.71666,-84.03333,45
"aspera",3.33,-56.82,236
"aspera",3.33,-56.81,236
"aspera",3.433,-56.625,246
"aspera",3.33333,-56.81667,236
"aspera",3.33333,-56.43333,381
"aspera",3.16666,-56.48333,294
"aspera",0.333333,-56.816667,214
"aspera",3.1,-56.46,244
"aspera",3.642,-56.533,619
"aspera",3.25,-56.65,256
"aspera",3.6,-56.5,393
"aspera",3.33333,-56.81667,236
"aspera",0.28,-51.08,26
"aspera",5.33,-54.83,42
"aspera",14.73333,-83.97083,47
"aspera",0.73,-51.37,81
"aspera",-0.03,-51.08,12
"aspera",0.6,-51.316667,57
"aspera",-2,-51.08,31
"aspera",3.854254,-51.797206,24
"aspera",-0.033333,-51.083333,12
"aspera",3.38,-59.78,88
"aspera",-2.93778648539846,-44.2352209866645,10
"aspera",4.98,-60.61,1293
"aspera",4.983333,-60.616667,1293
"aspera",4.41,-65.83,223
"aspera",-1.03515,-48.125749,24
"aspera",-0.8583,-48.1417,11
"aspera",4.61,-61.13,1011
"aspera",5.31,-55.26,42
"aspera",5.25,-55.33,44
"aspera",3.16,-65.55,133
"aspera",5.1,-60.73,1355
"aspera",3.75,-59.3,89
"aspera",-0.861616883887081,-48.142168432841,11
"aspera",4.93,-52.33,9
"aspera",4.93,-52.33,9
"aspera",-0.5,-63.166667,30
"aspera",6.58,-58.13,15
"aspera",-0.533333,-52.85,417
"aspera",-1.583333,-55.533333,113
"aspera",5.28,-60.76,832
"aspera",4.93,-52.33,9
"aspera",-2.449614,-54.740486,33
"aspera",2.883333,-54.066667,189
"aspera",3.9289,-53.2335,173
"aspera",4.929,-52.3116,9
"aspera",4.79194,-58.97472,105
"aspera",8.30667,-73.61528,183
"aspera",4.93333,-52.33333,9
"aspera",-7.31306,-76.62556,425
"aspera",-5.64861,-52.53,276
"aspera",3.92472,-53.24111,173
"aspera",-10.8339,-52.8731,334
"aspera",7.0758,-65.9119,98
"aspera",4.1006,-55.625,125
"aspera",3.8558,-52.9708,159
"aspera",-9.1839,-74.14,193
"aspera",-16.7261,-64.435,215
"aspera",4.7364,-58.7017,66
"aspera",-0.435556,-49.0025,3
"aspera",5.26689,-53.05158,62
"aspera",2.72753,-72.2925,181
"aspera",4.9,-68.333336,108
"aspera",3.595833,-67.448333,91
"aspera",2.8025,-72.095,172
"aspera",6.37942,-71.93183,1037
"aspera",5.3,-68.01667,95
"aspera",6.088917,-67.710389,57
"aspera",2.776389,-72.177778,177
"aspera",6.069944,-67.753972,68
"aspera",2.666833,-72.179028,195
"aspera",4.55,-71.333336,165
"aspera",3.02875,-73.169333,217
"aspera",2.507778,-72.641944,208
"aspera",5.30556,-67.94333,80
"aspera",5.5,-70.475,109
"aspera",4.75,-70.45,121
"aspera",5.416667,-54.966667,26
"barbigera",-15.801111,-48.834722,1205
"barbigera",-12.9,-51.87,365
"bipenicillata",5.452425,-72.469261,849
"bipenicillata",4.969092,-72.822547,574
"bipenicillata",6.478967,-71.860544,697
"bipenicillata",6.26,-71.91,446
"bipenicillata",2.57,-72.71,191
"bipenicillata",6.379569,-71.908153,721
"bipenicillata",6.444764,-71.880039,931
"bipenicillata",4.398833,-73.043383,198
"bipenicillata",4.993278,-73.052111,1205
"bipenicillata",4.891667,-73.281667,1723
"bipenicillata",9.699611,-84.39525,371
"bipenicillata",9.892639,-84.483528,291
"bipenicillata",4.863333,-73.267778,1163
"bipenicillata",9.686422,-84.371972,397
"bipenicillata",9.686422,-84.37197,397
"bipenicillata",9.9,-84.272222,833
"bipenicillata",9.884722,-84.277778,833
"bipenicillata",9.883611,-84.4725,291
"bipenicillata",3.42,-74.11,966
"bipenicillata",9.898658,-84.242156,1066
"bipenicillata",4.853931,-73.284458,1163
"bipenicillata",9.96,-84.51,535
"bipenicillata",3.42,-74.11,966
"bipenicillata",3.428611,-74.115556,966
"bipenicillata",9.922222,-84.266667,732
"bipenicillata",7.833611,-71.705278,986
"bipenicillata",7.833611,-71.705278,986
"bipenicillata",7.8336,-71.7053,986
"bipenicillata",9.6842,-84.4394,351
"bipenicillata",9.787778,-84.523333,384
"bipenicillata",9.695278,-84.437222,351
"bipenicillata",9.6953,-84.4372,351
"bipenicillata",9.69,-84.43,351
"bipenicillata",9.7072,-69.5956,1686
"bipenicillata",4.888056,-73.250278,1723
"bipenicillata",4.17896,-73.65047,628
"bipenicillata",9.757778,-84.183889,902
"bipenicillata",-14.53,-54.51,439
"bipenicillata",5.19,-72.61,505
"bipenicillata",9.725,-84.258333,947
"bipenicillata",9.72,-84.25,947
"bipenicillata",8.43416,-80.86055,659
"bipenicillata",8.1667,-81.25,105
"bipenicillata",9.972222,-84.441667,931
"bipenicillata",9.97,-84.44,931
"bipenicillata",9.91,-84.28,833
"bipenicillata",10.080556,-84.408333,1018
"bipenicillata",10.080556,-84.408333,1018
"bipenicillata",10.08,-84.4,1018
"bipenicillata",4.178611,-73.647778,628
"bipenicillata",4.178611,-73.647778,628
"bipenicillata",4.18384,-73.65302,628
"bipenicillata",4.18384,-73.65302,628
"bipenicillata",9.718056,-84.281944,947
"bipenicillata",7.345,-81.73138,37
"bipenicillata",9.71,-84.28,947
"bipenicillata",9.718056,-84.281944,947
"bipenicillata",9.706667,-84.393056,371
"bipenicillata",9.7,-84.39,371
"bipenicillata",5.96,-67.36,67
"bipenicillata",9.7,-84.333333,296
"bipenicillata",9.7,-84.33,296
"bipenicillata",9.71,-84.39,728
"bipenicillata",8.083889,-81.434722,276
"bipenicillata",8.916667,-71.683333,12
"bipenicillata",8.92,-71.68,12
"bipenicillata",9.79,-84.16,1107
"bipenicillata",9.8,-84.16,1427
"bipenicillata",9.916667,-84.266667,732
"bipenicillata",9.91,-84.27,833
"bipenicillata",6.83,-66.5,178
"bipenicillata",6.83333,-66.5,178
"bipenicillata",8.533333,-81.116667,614
"bipenicillata",8.533333,-81.116667,614
"bipenicillata",9.7,-69.533333,874
"bipenicillata",9.7,-69.533333,874
"bipenicillata",9.7,-69.53,874
"bipenicillata",9.42416,-69.50861,715
"bipenicillata",9.416667,-69.5,715
"bipenicillata",9.683,-69.508,874
"bipenicillata",7.78722,-80.79694,386
"bipenicillata",7.72,-71.97,1182
"bipenicillata",5.68,-67.18,650
"bipenicillata",5.85,-67.483333,62
"bipenicillata",7.65,-72.16666,700
"bipenicillata",5.75,-67.5,91
"bipenicillata",5.53,-67.53,106
"bipenicillata",4.243256,-73.821587,1394
"bipenicillata",4.965624,-74.440625,1192
"bipenicillata",4.981415,-74.421662,1192
"bipenicillata",9.91,-84.27,833
"bipenicillata",8.42833,-82.765,23
"bipenicillata",4.241737,-73.823196,1394
"bipenicillata",10,-84.8333,9
"bipenicillata",10.03,-84.56,455
"bipenicillata",8.540833,-81.157222,908
"bipenicillata",10.01416,-84.61444,326
"bipenicillata",8.434167,-80.860556,659
"bipenicillata",5.55,-67.59,66
"bipenicillata",8.30944,-81.01583,138
"bipenicillata",7.61777,-81.75972,94
"bipenicillata",10.01777,-84.6025,326
"bipenicillata",7.8,-80.683333,196
"bipenicillata",4.86656,-73.250881,1163
"bipenicillata",7.8,-80.75,317
"bipenicillata",4.28382,-73.82819,1820
"bipenicillata",6.03,-67.36,60
"bipenicillata",4.157558,-73.635531,537
"bipenicillata",8.103056,-80.981667,91
"bipenicillata",4.178611,-73.647778,628
"bipenicillata",7.1225,-66.16944,201
"bipenicillata",8.45444,-71.23972,1854
"bipenicillata",8.50722,-80.10278,323
"bipenicillata",7.0758,-65.9119,98
"bipenicillata",3.8811,-72.8667,213
"bipenicillata",2.6857,-74.1674,353
"bipenicillata",4.888056,-73.250278,1723
"bipenicillata",4.17896,-73.65047,628
"bipenicillata",2.574444,-72.713889,191
"bipenicillata",4.856694,-73.285306,1163
"bipenicillata",4.849444,-73.281389,1163
"bipenicillata",4.863333,-73.267778,1163
"bipenicillata",4.99328,-73.05211,1205
"bipenicillata",4.85393,-73.28446,1163
"bipenicillata",4.17861,-73.64778,628
"bipenicillata",5.19041,-72.61608,505
"bipenicillata",4.398833,-73.043383,198
"bipenicillata",3.42878,-74.11561,966
"bipenicillata",10.01,-84.48,1224
"bipenicillata",9.9,-84.27,833
"catharinae",5.1,-67.3,955
"catharinae",4.98,-67.3,883
"catharinae",5.1,-67.4,751
"catharinae",4.01,-67.01,106
"catharinae",4.86,-67.45,290
"catharinae",4.95,-67.4,903
"catharinae",4.95,-67.4,903
"catharinae",7.0758,-65.9119,98
"catharinae",3.5,-66,250
"dissitiflora",5.75,-66.05,1743
"dissitiflora",1.53333,-65.81666,792
"dissitiflora",1.433333,-65.783333,413
"dissitiflora",1.43,-65.78,413
"dissitiflora",5.77,-66.2,1893
"dissitiflora",0.908333,-66.04,867
"dissitiflora",0.9,-66.04,867
"dissitiflora",0.866667,-66.083333,750
"dissitiflora",0.87,-66.08,750
"dissitiflora",0.9083,-66.0417,1275
"dissitiflora",0.908333,-66.041667,1275
"dissitiflora",5.91666,-66.38333,1550
"dissitiflora",5.91,-66.38,1550
"dissitiflora",5.92,-66.38,1568
"dissitiflora",0.86666,-66.08333,750
"dissitiflora",0.88138,-66.08333,1275
"dissitiflora",0.9,-66.066667,1275
"dissitiflora",0.9,-66.07,1275
"dissitiflora",0.87,-66.08,750
"dissitiflora",0.875,-66.083,750
"dissitiflora",0.881389,-66.083333,1275
"dissitiflora",0.871667,-66.083333,750
"dissitiflora",0.78333,-66.18333,740
"dissitiflora",1.5,-65.85,886
"dissitiflora",0.98,-65.93,1443
"dissitiflora",7.1225,-66.16944,201
"dissitiflora",0.961111,-65.9917,1717
"dissitiflora",7.0758,-65.9119,98
"dissitiflora",3.5,-66,250
"duidae",4.41,-65.53,1140
"duidae",4.8,-64.53,1741
"duidae",3.25,-65.71666,170
"duidae",3.83,-65.71,685
"duidae",3.83,-65.33,901
"duidae",4.58333,-64.25,1549
"duidae",4.58,-64.25,1549
"duidae",4.51666,-65.58333,896
"duidae",4.516667,-65.583333,896
"duidae",3.23,-65.56,157
"duidae",4.81,-64.56,1803
"duidae",4.81,-64.56,1803
"duidae",4.75,-64.43,1322
"duidae",4.41,-65.83,223
"duidae",7.0758,-65.9119,98
"duidae",3.39511,-65.6046,1673
"duidae",7.0758,-65.9119,98
"edmundoi",-6.388611,-50.381111,555
"edmundoi",-6.054444,-50.253889,647
"edmundoi",-14.226389,-47.73,1150
"edmundoi",-6.050278,-50.126389,579
"edmundoi",-6.052778,-50.126389,579
"edmundoi",-6.390556,-50.379167,555
"edmundoi",-6.399722,-50.327222,630
"edmundoi",-6.039722,-50.277778,521
"edmundoi",-6.315,-49.909167,605
"edmundoi",-6.07,-50.13,579
"edmundoi",-8,-52,542
"edmundoi",-6.641589,-51.97281,199
"edmundoi",-8,-52,542
"edmundoi",-6,-50.3,590
"edmundoi",-12.82,-51.77,332
"fraterna",5.168889,-60.2175,1375
"fraterna",5.96883,-62.5395,730
"fraterna",5.06778,-59.9469,861
"fraterna",5.83278,-61.2347,1438
"fraterna",5.832778,-61.234722,1438
"fraterna",5.89472,-61.0203,1055
"fraterna",5.98861,-61.06,1105
"fraterna",6.036111,-61.15,771
"fraterna",5.997222,-61.052778,1105
"fraterna",5.894722,-61.020278,1055
"fraterna",5.988611,-61.06,1105
"fraterna",2.58333,-59.3667,151
"fraterna",4.5,-65.5,1182
"fraterna",5.9,-61.0333,1055
"fraterna",5.9,-61.03,1055
"fraterna",5.46667,-60.0667,742
"fraterna",5.63,-60.07,797
"fraterna",5.46667,-60.0667,742
"fraterna",5.466667,-60.066667,742
"fraterna",5.47,-60.07,742
"fraterna",5.85,-62.05,1562
"fraterna",5.85,-62.03333,1565
"fraterna",5.85,-62.03,1565
"fraterna",3.633333,-65.466667,1745
"fraterna",3.25,-65.71666,170
"fraterna",3.58333,-65.38333,821
"fraterna",3.58,-65.38,821
"fraterna",5.66666,-61.5,1274
"fraterna",5.833333,-62.683333,742
"fraterna",5.83,-62.68,742
"fraterna",5.933333,-62.566667,1581
"fraterna",5.933333,-62.566667,1581
"fraterna",5.93,-62.57,1581
"fraterna",3.6,-65.38333,2033
"fraterna",3.6,-65.38,2033
"fraterna",5.82,-62.58,1678
"fraterna",3.83,-65.33,901
"fraterna",3.666667,-65.75,959
"fraterna",3.67,-65.75,959
"fraterna",5.08333,-61.11666,878
"fraterna",5.08,-61.11,878
"fraterna",5.91,-61,1055
"fraterna",5.92,-61,1107
"fraterna",5.95,-60.63,651
"fraterna",3.16,-65.51,127
"fraterna",5.93,-61.4,1401
"fraterna",5.91,-62.55,1589
"fraterna",5.05,-61.36,1192
"fraterna",4.37213,-65.706,1402
"fraterna",5.91,-62.53,1280
"fraterna",7.0758,-65.9119,98
"fraterna",-10.8339,-52.8731,334
"fraterna",3.5,-66,250
"johnwurdackiana",-16.065858,-50.178486,777
"johnwurdackiana",-16.366667,-51.366389,445
"johnwurdackiana",-16.733333,-50.388889,623
"johnwurdackiana",-16.035709,-50.104255,724
"johnwurdackiana",-16.066667,-50.183333,777
"johnwurdackiana",-16.0611,-50.001111,765
"johnwurdackiana",-14,-50,308
"johnwurdackiana",-12,-48,358
"kunhardtii",5.08,-67.31,910
"kunhardtii",7.0758,-65.9119,98
"kunhardtii",5.07064,-67.4499,1386
"kunhardtii",4.95,-67.4,903
"karstenii",2.264444,-73.796278,406
"karstenii",3.32,-73.94,567
"karstenii",2.22,-73.78,234
"karstenii",2.208333,-73.85,255
"karstenii",2.2,-73.86,255
"karstenii",2.2,-73.84,255
"karstenii",4.11333,-73.47919,322
"karstenii",5.02,-72.73,411
"karstenii",4.96,-72.72,408
"karstenii",4.05,-66.02,176
"karstenii",-14.1553857321728,-48.0785788001758,594
"karstenii",2.15871,-73.813258,247
"karstenii",3.331446,-73.928053,567
"karstenii",5.19819,-72.52479,290
"karstenii",5.195277,-72.587045,505
"karstenii",4.966667,-74.433333,1192
"karstenii",4.12504,-73.65727,537
"karstenii",3.8811,-72.8667,213
"karstenii",0.25,-70.75,333
"karstenii",3.5,-73,231
"karstenii",5.01666,-72.75,529
"karstenii",4.157558,-73.635531,537
"karstenii",5.025,-72.734,411
"karstenii",2.20028,-73.8625,255
"karstenii",3.321,-73.9451,567
"karstenii",2.229806,-73.783889,234
"karstenii",2.20833,-73.85,255
"karstenii",4.965,-72.725,408
"llanorum",-8.025556,-50.031944,207
"llanorum",1.235833,-51.763889,170
"llanorum",6.75,-66.5167,492
"llanorum",-14.83333,-66.38333,178
"llanorum",-14.58333,-66.5,174
"llanorum",-15.15555,-60.99138,185
"llanorum",-15.1556,-60.9914,185
"llanorum",-13.65388,-60.83111,195
"llanorum",-13.55083,-61.05861,178
"llanorum",-13.55083,-61.05861,178
"llanorum",-13.6539,-60.8311,195
"llanorum",-13.5508,-61.0586,178
"llanorum",-13.5508,-61.0586,178
"llanorum",-14.53333,-61.01666,188
"llanorum",-14.5333,-61.0167,188
"llanorum",-14.833333,-66.666667,191
"llanorum",-14.83,-66.67,191
"llanorum",-13.55,-61,173
"llanorum",-13.58,-68.77,250
"llanorum",6.35,-65.55,435
"llanorum",6.66,-65.71,118
"llanorum",6.28333,-67.08333,125
"llanorum",6.28,-67.08,125
"llanorum",-13.08,-67.25,165
"llanorum",6.83333,-66.5,178
"llanorum",-13.08333,-67.25,165
"llanorum",-7.78,-51.12,293
"llanorum",9.30833,-69.7,478
"llanorum",9.3083,-69.7,478
"llanorum",-7.52,-63.17,71
"llanorum",5.53,-65.95,118
"llanorum",6.44,-67.12,85
"llanorum",4.093261,-73.355115,264
"llanorum",10.1667,-69.8333,534
"llanorum",-0.783333,-51.116667,16
"llanorum",7.0758,-65.9119,98
"llanorum",-13.6,-61,178
"llanorum",6.35,-65.55,435
"mathaei",-6.08333,-77.1,829
"mathaei",-6.08333,-77.15,821
"mathaei",-9.1839,-74.14,193
"mathaei",-9.1839,-74.14,193
"mathaei",-7,-76.8333,704
"melastomoides",-12.348,-46.338,783
"melastomoides",-16.403053,-49.252211,913
"melastomoides",-13.65,-47.819167,821
"melastomoides",-15.82175,-48.709694,1173
"melastomoides",-15.725444,-48.890056,1133
"melastomoides",-15.746667,-48.838889,1086
"melastomoides",-15.821667,-48.709722,1173
"melastomoides",-15.725556,-48.89,1133
"melastomoides",-15.725278,-48.876111,1133
"melastomoides",-15.796389,-48.759444,1126
"melastomoides",-15.760556,-48.918889,1101
"melastomoides",-15.825833,-48.773889,1126
"melastomoides",-14.120864,-47.653017,1248
"melastomoides",-14.180064,-47.842742,858
"melastomoides",-14.296944,-47.920833,648
"melastomoides",-14.226389,-47.73,1150
"melastomoides",-14.179722,-47.842222,858
"melastomoides",-15.786,-48.772,1145
"melastomoides",-15.765,-48.933,1101
"melastomoides",-15.825833,-48.753333,1126
"melastomoides",-15.786111,-48.771944,1145
"melastomoides",-15.765556,-48.932778,1101
"melastomoides",-15.786667,-48.771111,1145
"melastomoides",-15.793,-48.893,1124
"melastomoides",-15.793333,-48.893611,1124
"melastomoides",-15.715556,-48.892778,1133
"melastomoides",-15.826111,-48.772222,1126
"melastomoides",-15.796111,-48.830278,1178
"melastomoides",-14.185556,-47.626944,1224
"melastomoides",-14.18556,-47.62703,1224
"melastomoides",-13.036666,-48.136388,300
"melastomoides",-13.361111,-48.149166,331
"melastomoides",-15.798889,-48.818611,1178
"melastomoides",-8.448889,-47.666944,240
"melastomoides",-14.235278,-47.905833,654
"melastomoides",-13.823083,-47.457639,806
"melastomoides",-13.3775,-48.050277,393
"melastomoides",-13.3775,-48.050278,393
"melastomoides",-10.55,-46.75,413
"melastomoides",-7.357222,-48.372222,230
"melastomoides",-14.432222,-48.154444,491
"melastomoides",-14.295278,-49.104167,511
"melastomoides",-13.71889,-48.29944,854
"melastomoides",-14.488611,-48.557222,595
"melastomoides",-14.161111,-47.790833,1100
"melastomoides",-13.966667,-48.3,443
"melastomoides",-13.662222,-48.268055,741
"melastomoides",-10.283333,-48.216667,427
"melastomoides",-14.35,-48.2,470
"melastomoides",-14.63333,-48.96667,469
"melastomoides",-14.45,-49.08333,512
"melastomoides",-14.36667,-48.2,470
"melastomoides",-15.55,-48.25,1273
"melastomoides",-13.566666,-48.166667,406
"melastomoides",-14.32,-48.4,939
"melastomoides",-15.533333,-47.55,1049
"melastomoides",-12.694217,-60.099174,605
"melastomoides",-11.433333,-47.566667,514
"melastomoides",-13.7975,-47.4583,806
"melastomoides",-13.86327,-47.5,747
"melastomoides",-10.77306,-53.08972,271
"melastomoides",-15.81194,-49.56972,656
"melastomoides",-12,-48,358
"melastomoides",-10.8339,-52.8731,334
"nigricans",-14.131111,-47.669167,1248
"nigricans",-15.8325,-48.674722,1170
"nigricans",-14.143056,-47.703056,1248
"nigricans",-15.825,-48.693333,1170
"nigricans",-15.816667,-48.693333,1170
"nigricans",-15.82,-48.69,1170
"nigricans",-15.655555,-48.076944,1208
"nigricans",-15.663333,-47.936666,1161
"papyrus",-15.794722,-48.813889,1178
"papyrus",-15.713333,-48.964444,962
"papyrus",-11.296667,-47.318333,576
"papyrus",-15.72,-48.939444,1052
"papyrus",-15.475277,-48.491944,731
"papyrus",-15.475278,-48.491944,731
"papyrus",-11.663333,-47.695833,367
"papyrus",-11.990278,-50.641389,199
"papyrus",-15.816889,-48.732528,1173
"papyrus",-15.816944,-48.7325,1173
"papyrus",-15.713889,-48.893611,1133
"papyrus",-15.8169,-48.7325,1173
"papyrus",-15.796389,-48.759444,1126
"papyrus",-11.692983,-47.716611,332
"papyrus",-16.065858,-50.178486,777
"papyrus",-17.155278,-51.0025,758
"papyrus",-16.035709,-50.104255,724
"papyrus",-15.807222,-48.888611,1124
"papyrus",-16.722778,-53.145,659
"papyrus",-16.074722,-50.195278,777
"papyrus",-16.071388,-50.181944,777
"papyrus",-16.071389,-50.181944,777
"papyrus",-11.670555,-47.707222,530
"papyrus",-11.670556,-47.707222,530
"papyrus",-15.798889,-48.865,1205
"papyrus",-16.001388,-50.051388,781
"papyrus",-16.0014,-50.0514,781
"papyrus",-15.8025,-48.847222,1205
"papyrus",-15.8175,-48.895833,1124
"papyrus",-15.833333,-49.5,707
"papyrus",-16.1306220867293,-50.2156233906965,580
"papyrus",-15.95,-50.033333,837
"papyrus",-15.95,-50.03,837
"papyrus",-14.159167,-47.785278,1100
"papyrus",-15.85,-48.78195,1051
"papyrus",-14.000618,-50.000564,308
"papyrus",-14,-50,308
"papyrus",-16.0611,-50.00122,765
"papyrus",-10.8339,-52.8731,334
"papyrus",-12,-48,358
"sipapoana",7.0758,-65.9119,98
"sipapoana",5.0685,-67.4377,1386
"striphnocalyx",2.266667,-68.366667,129
"striphnocalyx",2.2,-68.216667,323
"striphnocalyx",3.730167,-67.834236,107
"striphnocalyx",3.808333,-67.7975,99
"striphnocalyx",3.718056,-67.591389,88
"striphnocalyx",2.63722,-69.24417,247
"striphnocalyx",2.63813,-69.23358,247
"striphnocalyx",3.657222,-67.875,102
"striphnocalyx",3.119444,-67.788889,101
"striphnocalyx",3.771111,-67.851944,100
"striphnocalyx",3.825222,-67.910278,102
"striphnocalyx",3.25283,-68.20181,113
"striphnocalyx",4.532222,-68.091111,88
"striphnocalyx",3.780278,-67.862778,100
"striphnocalyx",3.706389,-67.5875,98
"verticillaris",-15.825972,-48.772833,1126
"verticillaris",-15.787778,-48.870833,1171
"verticillaris",-15.781667,-48.8275,1161
"verticillaris",-15.826111,-48.772778,1126
"verticillaris",-8.475278,-45.742778,280
"verticillaris",-16.065858,-50.178486,777
"verticillaris",-16.366667,-51.366389,445
"verticillaris",-16.035709,-50.104255,724
"verticillaris",-15.789444,-48.881111,1183
"verticillaris",-15.847,-48.771,1051
"verticillaris",-15.846944,-48.770833,1051
"verticillaris",-16.078889,-50.185278,777
"verticillaris",-9.69,-52.606,270
"verticillaris",-9.690278,-52.606389,270
"verticillaris",-8.807778,-49.082778,226
"verticillaris",-10.916944,-49.630556,184
"verticillaris",-7.695833,-47.5975,180
"verticillaris",-9.494722,-55.150556,393
"verticillaris",-9.66731,-55.21553,318
"verticillaris",-9.49,-55.15,393
"verticillaris",-9.67,-55.22,318
"verticillaris",-9.499167,-55.796667,310
"verticillaris",-9.5,-55.8,295
"verticillaris",-9.3506,-55.1308,475
"verticillaris",-9.601389,-55.240556,381
"verticillaris",-9.59,-55.22,381
"verticillaris",-15.030833,-56.362222,259
"verticillaris",-12.913889,-47.618056,342
"verticillaris",-12.913888,-47.618055,342
"verticillaris",-12.926944,-47.69,337
"verticillaris",-14.396,-46.572917,530
"verticillaris",-13.81667,-48.43333,501
"verticillaris",-13.5425,-48.000556,403
"verticillaris",-13.417222,-47.080278,398
"verticillaris",-15.8106,-54.9178,320
"verticillaris",-10.041389,-48.454722,233
"verticillaris",-7.583333,-46.833333,269
"verticillaris",-7.583333,-46.083333,264
"verticillaris",-11.698,-51.428,255
"verticillaris",-11.575,-50.977,195
"verticillaris",-11.3431,-50.5837,189
"verticillaris",-12.85,-49.1,298
"verticillaris",-14.633333,-49,478
"verticillaris",-13.586111,-48.3125,500
"verticillaris",-14.7094988953584,-47.5248438047386,1043
"verticillaris",-10.253611,-48.095833,632
"verticillaris",-17.366667,-52.166667,820
"verticillaris",-13.466666,-48.383333,453
"verticillaris",-16,-50.133333,551
"verticillaris",-15.57,-48.03,1225
"verticillaris",-3.416667,-48.62,108
"verticillaris",-14.568,-49.51,405
"verticillaris",-3.42,-48.62,108
"verticillaris",-8.5006,-48.6008,460
"verticillaris",-15.916667,-50.15,514
"verticillaris",-6.816667,-47.82,387
"verticillaris",-15.92,-50.15,514
"verticillaris",-6.82,-47.82,387
"verticillaris",-13.65,-48.416667,574
"verticillaris",-14.733333,-52.333333,299
"verticillaris",-14.73,-52.33,299
"verticillaris",-17.716667,-48.366667,784
"verticillaris",-14.116667,-47.516667,1319
"verticillaris",-13.273667550479,-47.2204212748853,784
"verticillaris",-13.4736720780612,-47.2304222730263,489
"verticillaris",-13.4536716251006,-47.2304222379731,461
"verticillaris",-18.03476,-43.3833,820
"verticillaris",-14.54942,-48.45,719
"verticillaris",-15.85,-48.75395,1051
"verticillaris",-17.84727,-47.61584,805
"verticillaris",-17.99421,-47.76956,816
"verticillaris",-12.9,-51.87,365
"verticillaris",-12.9,-51.866667,365
"verticillaris",-13.74613,-47.5167,1180
"verticillaris",-10.166667,-48.883333,364
"verticillaris",-15.85,-52.25,519
"verticillaris",-15.8,-48.77,1126
"verticillaris",-15.88,-48.95,859
"verticillaris",-8.93,-48.52,304
"verticillaris",-12.9,-51.87,365
"verticillaris",-12.9,-51.866667,365
"verticillaris",-14.73,-52.33,299
"verticillaris",-14.666667,-52.35,289
"verticillaris",-12.32,-51.77,325
"verticillaris",-12.816667,-51.766667,332
"verticillaris",-12.82,-51.77,332
"verticillaris",-14,-50,308
"verticillaris",-16.15922,-50.1333,670
"verticillaris",-10.773109,-53.08982,271
"verticillaris",-6.616667,-45.883333,474
"verticillaris",-14.4739,-48.4597,633
"verticillaris",-10.8339,-52.8731,334
"verticillaris",-12,-48,358
"rosanae",-9.756,-52.635,270
"rosanae",-9.753,-52.632,270
"exasperata",-15.841099,-48.746796,1151
"exasperata",-14.159167,-47.785278,1100
"exasperata",-10.8339,-52.8731,334
"huberi",5.66,-65.13,842
"huberi",8,-66,65
"huberi",5.71667,-65.3167,1741
"huberi",5.55,-65.21,2172
"huberi",8,-66,65
"huberi",6,-65.71,704
"pogonanthera",-14.191666,-48.1125,534
"pogonanthera",-15.909722,-48.000833,1160
"pogonanthera",-13.361944,-46.224166,804
"pogonanthera",-12.806388,-48.229722,299
"pogonanthera",-12.969722,-48.195555,311
"pogonanthera",-13.113888,-48.226388,381
"pogonanthera",-16.923333,-49.231667,832
"pogonanthera",-16.923333,-49.231666,832
"pogonanthera",-15.85,-52.267,519
"pogonanthera",-18.439444,-51.995278,604
"pogonanthera",-13.648055,-46.596111,492
"pogonanthera",-16.1425,-48.60333,890
"pogonanthera",-13.529444,-48.0675,358
"pogonanthera",-13.52944,-48.0675,358
"pogonanthera",-13.5425,-48.000556,403
"pogonanthera",-13.417222,-48.080278,400
"pogonanthera",-13.40306,-48.13972,337
"pogonanthera",-10.55,-46.75,413
"pogonanthera",-13.80556,-46.84722,450
"pogonanthera",-11.575556,-50.976944,195
"pogonanthera",-11.573889,-50.983889,195
"pogonanthera",-11.573611,-50.983611,195
"pogonanthera",-11.575278,-50.976944,195
"pogonanthera",-11.5755,-50.977028,195
"pogonanthera",-11.573861,-50.983381,195
"pogonanthera",-11.3425,-50.5901,189
"pogonanthera",-14.53972,-61.49805,248
"pogonanthera",-14.5397,-61.4981,248
"pogonanthera",-17.55,-48.483333,705
"pogonanthera",-14.36667,-48.2,470
"pogonanthera",-5.68,-63.1,72
"pogonanthera",-16,-62.08,476
"pogonanthera",-0.416667,-48.616667,3
"pogonanthera",-10.8339,-52.8731,334
"pogonanthera",-16.7261,-64.435,215
"spruceana",-0.0425,-70.93972,189
"spruceana",0.047583,-70.937556,187
"spruceana",5.564083,-68.47,82
"spruceana",5.405321,-72.471222,871
"spruceana",5.406334,-72.47062,871
"spruceana",5.405434,-72.471138,871
"spruceana",5.403044,-72.466003,871
"spruceana",5.848028,-68.647778,73
"spruceana",5.8745,-68.138139,65
"spruceana",5.840278,-68.6675,73
"spruceana",5.852056,-68.181,71
"spruceana",5.787778,-68.86175,83
"spruceana",0.818056,-61.656667,42
"spruceana",0.8014,-61.6603,42
"spruceana",-6.319722,-50.452778,603
"spruceana",5.339167,-67.868889,73
"spruceana",4.058,-66.905,102
"spruceana",3.956,-67.09,99
"spruceana",4.024,-66.977,100
"spruceana",3.887,-66.985,101
"spruceana",-12.919722,-50.876389,214
"spruceana",5.195038,-67.833887,98
"spruceana",6.183333,-67.48333,47
"spruceana",4.9,-67.56666,107
"spruceana",4.9,-67.56666,107
"spruceana",-14.7433,-61.02,173
"spruceana",5.32,-67.9,81
"spruceana",-14.7436,-60.9608,173
"spruceana",6.56666,-67.08333,49
"spruceana",-12.5,-64.133333,135
"spruceana",5.68333,-66.15,1003
"spruceana",-12.5,-64.133333,135
"spruceana",-12.5,-64.13,135
"spruceana",-3.05,-60.6,57
"spruceana",-3.05,-60.6,57
"spruceana",5.25,-67.9,78
"spruceana",-13.08,-67.25,165
"spruceana",4.91,-67.71,97
"spruceana",6.41666,-67.41666,53
"spruceana",6.416667,-67.416667,59
"spruceana",5.29,-67.94,87
"spruceana",-0.583333,-64.67,56
"spruceana",-16.166667,-49.433333,908
"spruceana",-16.166667,-49.433333,908
"spruceana",0.58333,-64.66666,74
"spruceana",-0.583333,-64.666667,56
"spruceana",-35,-64.67,236
"spruceana",-0.583333,-64.666667,56
"spruceana",-10.651944,-65.464722,145
"spruceana",-0.366151,-63.936481,30
"spruceana",2.81650572944009,-60.6743440257471,79
"spruceana",5.3,-66.03,116
"spruceana",4.81,-64.56,1803
"spruceana",4.033333,-67.7,91
"spruceana",-11.8311,-53.4231,311
"spruceana",5.1,-67.8,90
"spruceana",3.16,-65.55,133
"spruceana",5.65,-67.63,79
"spruceana",3.16,-65.55,133
"spruceana",3.16,-65.55,133
"spruceana",3.16,-65.55,133
"spruceana",5.23,-67.8,83
"spruceana",5.66,-67.62,77
"spruceana",3.75,-66.8,118
"spruceana",5.66,-67.62,77
"spruceana",3.16,-65.55,133
"spruceana",-3.067324,-59.995308,48
"spruceana",-4.14444,-65.08583,48
"spruceana",7.0758,-65.9119,98
"spruceana",-10.8339,-52.8731,334
"spruceana",4.91666,-67.71666,97
"spruceana",4.98333,-67.71666,103
"spruceana",4.75,-67.67,96
"spruceana",5.32139,-67.90028,81
"spruceana",5.33917,-67.86889,73
"spruceana",6.183333,-67.48333,47
"spruceana",5.2968,-67.94158,80
"spruceana",5.25,-67.9,78
"steyermarkii",4.8,-64.53,1741
"steyermarkii",4.69,-64.22,1278
"steyermarkii",4.75,-64.43333,1322
"steyermarkii",4.75,-64.4333,1322
"steyermarkii",4.75,-64.43,1322
"striphnocalyx",-4.14444,-65.08583,48
"striphnocalyx",0.131639,-70.942889,318
"striphnocalyx",0.129389,-70.944028,318
"striphnocalyx",0.12867,-70.94394,318
"striphnocalyx",3.72,-67.82,108
"striphnocalyx",3.74,-67.85,107
"striphnocalyx",3.73,-67.83,108
"striphnocalyx",3.81,-67.8,99
"striphnocalyx",3.73,-67.83,108
"striphnocalyx",3.65,-67.87,111
"striphnocalyx",3.73017,-67.834236,107
"striphnocalyx",3.766667,-67.85,100
"striphnocalyx",2.724167,-67.567917,97
"striphnocalyx",2.16,-68.21,224
"striphnocalyx",4.53,-68.09,88
"striphnocalyx",1.93022,-67.0161,106
"striphnocalyx",3.78,-67.86,100
"striphnocalyx",3.8,-67.79,97
"striphnocalyx",3.82,-67.91,102
"striphnocalyx",3.7,-67.58,87
"striphnocalyx",3.11,-67.78,101
"striphnocalyx",3.71,-67.59,88
"striphnocalyx",-1.30859,-69.59878,102
"striphnocalyx",1.92138,-67.04611,94
"striphnocalyx",3.655556,-67.877778,102
"striphnocalyx",3.25,-68.2,119
"striphnocalyx",1.93,-67.06,94
"striphnocalyx",-1.29,-69.61,117
"striphnocalyx",-1.296944,-69.6175,102
"striphnocalyx",2.638129,-69.233576,247
"striphnocalyx",2.63333,-69.23333,247
"striphnocalyx",2.671389,-69.340836,192
"striphnocalyx",2.63,-69.24,247
"striphnocalyx",2.87083,-67.30833,112
"striphnocalyx",2.266667,-68.366669,129
"striphnocalyx",2.1,-68.183334,379
"striphnocalyx",-1.28,-69.63,123
"striphnocalyx",-1.26,-69.63,123
"striphnocalyx",2.183333,-68.216667,323
"striphnocalyx",3.15,-67.3,100
"striphnocalyx",4.33333,-67.81666,100
"striphnocalyx",3.51,-67.36,111
"striphnocalyx",3.66,-66.86,105
"striphnocalyx",3.2,-67.4,90
"striphnocalyx",3.916667,-67.566667,107
"striphnocalyx",3.93,-67.58,107
"striphnocalyx",0.83333,-66.11666,510
"striphnocalyx",0.83,-66.11,510
"striphnocalyx",1.78333,-67.26666,106
"striphnocalyx",0.833333,-66.083333,1545
"striphnocalyx",0.833333,-66.116667,510
"striphnocalyx",0.83,-66.08,1545
"striphnocalyx",1.78,-67.1,108
"striphnocalyx",0.846667,-66.091667,820
"striphnocalyx",1.83333,-66.91666,108
"striphnocalyx",4.86,-67.45,290
"striphnocalyx",1.95,-67.05,94
"striphnocalyx",1.933333,-67,106
"striphnocalyx",1.933333,-67.05,94
"striphnocalyx",1.91666,-67.06666,92
"striphnocalyx",1.91666,-67.05,92
"striphnocalyx",1.933333,-67.05,94
"striphnocalyx",1.91666,-67.05,92
"striphnocalyx",1.91666,-67.08333,92
"striphnocalyx",1.47,-68,119
"striphnocalyx",1.933333,-67.033333,106
"striphnocalyx",2.75,-67.55,97
"striphnocalyx",1.92,-67,106
"striphnocalyx",1.916667,-67,106
"striphnocalyx",1.7,-66.76,109
"striphnocalyx",1.83,-67,92
"striphnocalyx",2.67,-67.5,100
"striphnocalyx",1.833333,-67,92
"striphnocalyx",1.470419,-68.15227,273
"striphnocalyx",2.92,-67.43,105
"striphnocalyx",1.91667,-67.06667,94
"striphnocalyx",1.2,-66.85,92
"striphnocalyx",-10,-55,270
"striphnocalyx",3.34611,-65.6025,1682
"striphnocalyx",7.0758,-65.9119,98
"striphnocalyx",3.5,-66,250
"striphnocalyx",-10.8339,-52.8731,334
"striphnocalyx",3.8811,-72.8667,213
"striphnocalyx",3.68333,-66.45,136
"striphnocalyx",3.06666,-67.1,112
"striphnocalyx",3.51666,-67.36666,111
"barbigera",-15.712778,-48.925556,1052
"barbigera",-17.479444,-51.888889,901
"barbigera",-9.58675,-55.916889,260
"barbigera",-6.463056,-50.875,262
"barbigera",-9.587306,-55.916611,295
"barbigera",-10.666667,-48.333333,311
"barbigera",-14.473611,-55.680556,351
"barbigera",-15.796,-48.759,1126
"barbigera",-15.796389,-48.759444,1126
"barbigera",-16.216667,-51.841389,345
"barbigera",-16.035709,-50.104255,724
"barbigera",-9.365278,-56.782778,247
"barbigera",-9.362222,-56.784167,247
"barbigera",-19.033333,-49.467778,614
"barbigera",-16.851944,-49.239167,757
"barbigera",-10.916944,-49.630556,184
"barbigera",-8.807778,-49.082778,226
"barbigera",-7.912778,-47.231111,265
"barbigera",-18.606389,-48.303611,716
"barbigera",-11.410278,-48.369444,239
"barbigera",-11.410278,-47.138055,432
"barbigera",-11.4103,-47.1381,432
"barbigera",-15.923333,-49.231667,691
"barbigera",-9.3509,-55.5505,392
"barbigera",-9.586111,-55.918611,260
"barbigera",-9.59,-55.92,260
"barbigera",-15.85,-52.267,519
"barbigera",-16.536889,-49.286111,769
"barbigera",-16.518806,-49.146111,791
"barbigera",-16.518806,-49.146111,791
"barbigera",-15.490556,-57.195556,185
"barbigera",-13.648056,-46.596111,492
"barbigera",-13.529444,-47.0675,402
"barbigera",-13.5425,-48.000556,403
"barbigera",-13.805556,-46.847222,450
"barbigera",-14.748611,-52.566389,301
"barbigera",-11.660833,-47.706667,367
"barbigera",-13.618,-53.292,388
"barbigera",-13.908,-52.078,388
"barbigera",-14.6036,-61.4911,287
"barbigera",-15.0535,-52.2582,345
"barbigera",-15.0535,-52.2582,345
"barbigera",-12.3,-60.38,355
"barbigera",-14.617,-56.583,277
"barbigera",-17.24833,-58.65194,107
"barbigera",-0.523889,-60.208889,135
"barbigera",-14.35,-55.57,292
"barbigera",-13.866667,-56.533333,403
"barbigera",-12.634444,-56.335,392
"barbigera",-13.51,-56.29,390
"barbigera",-13.52,-56.32,359
"barbigera",-14.5794,-60.9125,216
"barbigera",-6.666667,-44.7,252
"barbigera",-15.43,-55.73,700
"barbigera",-15.18,-56.67,278
"barbigera",-10.124444,-48.270556,486
"barbigera",-14.6025,-60.852778,207
"barbigera",-14.60583,-61.4925,287
"barbigera",-14.6025,-60.8528,207
"barbigera",-14.60555,-60.85694,207
"barbigera",-14.6056,-60.8569,207
"barbigera",-15.25,-56.92,292
"barbigera",-15.15,-56.87,253
"barbigera",-14.82333,-60.38888,823
"barbigera",-14.82333,-60.38888,823
"barbigera",-15.24444,-61.50388,301
"barbigera",-15.2444,-61.5039,301
"barbigera",-13.466667,-48.383333,453
"barbigera",-16.6375,-62.45,275
"barbigera",-13.65,-60.8,195
"barbigera",-14.85,-48.87,695
"barbigera",-14.85,-48.86666,695
"barbigera",-17.833333,-55.333333,155
"barbigera",-16.42,-62,655
"barbigera",-16.6786,-49.2539,772
"barbigera",-16.033333,-62.083333,476
"barbigera",-16.03,-62.08,476
"barbigera",-15.5997895735814,-56.0977014111779,178
"barbigera",-14.7242715027636,-56.3282119289827,226
"barbigera",-6.06666,-50.13333,579
"barbigera",-8.05,-50.17,294
"barbigera",-8.05,-50.17,294
"barbigera",-8.072222,-50.181944,294
"barbigera",-6.816667,-47.816667,387
"barbigera",-8.5,-50.17,222
"barbigera",-15.7834208090807,-47.9298726661488,1127
"barbigera",-15.7834208090807,-47.9298726661488,1127
"barbigera",-15.6489,-56.195,213
"barbigera",-16.466667,-49.916667,695
"barbigera",-14.4122647873905,-56.4468180174412,334
"barbigera",-16.17,-59.42,386
"barbigera",-15.59167,-47.70833,968
"barbigera",-16.63,-62.43,275
"barbigera",-17.1278,-51.8167,741
"barbigera",-15.77955,-51.9912,327
"barbigera",-15.5997895735814,-56.0977014111779,178
"barbigera",-20.4748760783427,-55.7879090641848,156
"barbigera",-8.93,-48.52,304
"barbigera",-14.63,-52.23,287
"barbigera",-12.9,-51.87,365
"barbigera",-14.63,-52.23,287
"barbigera",-14.63333,-52.23333,287
"barbigera",-12.9,-51.866667,365
"barbigera",-12.9455499691,-51.8249179961806,377
"barbigera",-12.9,-51.86667,365
"barbigera",-16.8270387160443,-49.2444618080405,789
"barbigera",-14.13,-52.15,324
"barbigera",-17.25,-51.8,805
"barbigera",-14.03,-52.12,427
"barbigera",-14.6667,-52.33,290
"barbigera",-13.92,-52.08,437
"barbigera",-16.360833,-58.308611,180
"barbigera",-9.83938229365265,-48.7258127080231,366
"barbigera",-13.75,-48.83,702
"barbigera",-7.33661711060559,-47.4696293562447,166
"barbigera",-18.9729787114355,-49.4655833228074,575
"barbigera",-10.8339,-52.8731,334
"barbigera",-12.82,-51.77,332
"barbigera",3.901155,-73.073369,199
"barbigera",-16.36075,-58.308639,180
"barbigera",-16.7261,-64.435,215
"barbigera",-10.8339,-52.8731,334
"barbigera",-12,-48,358
"bipenicillata",7.0758,-65.9119,98
"belizensis",17.215,-88.525,52
"belizensis",16.56694,-88.54777,47
NA,-15.066667,-50.166667,359
NA,-13.738889,-48.299444,854
NA,-14.116667,-47.516667,1319
NA,-15.866667,-47.85,1038
NA,-15.657778,-48.080556,1208
NA,-15.746667,-48.838889,1086
NA,-16,-49,748
NA,-15.657777,-48.080555,1208
NA,-16.20972,-48.21444,944
NA,-15.786889,-48.868028,1171
NA,-15.866667,-47.85,1038
NA,-15.566667,-48.033333,1225
NA,-15.8425,-47.816944,1079
NA,-10.124444,-48.270556,486
NA,-18.439444,-51.995278,604
NA,-11.22333,-47.566111,563
NA,-15.965,-47.898611,1155
NA,-15.866667,-47.85,1038
NA,-14.235278,-47.905833,654
NA,-14.633333,-48.966667,469
NA,-15.8525,-48.9592,782
NA,-17.8,-48.75,647
NA,-15.911111,-47.914167,1079
NA,-16.77,-47.62,1202
NA,-18.611389,-48.304722,716
NA,-15.583333,-47.883333,973
NA,-20.3425,-46.767222,945
NA,-15.951944,-47.893611,1092
NA,-16.7458333333,-47.6944444444,1075
NA,-14.56667,-48.69917,599
NA,-15.883333,-47.933333,1064
NA,-15.8525,-48.9592,782
NA,-20.335,-46.812778,717
NA,-15.9,-48,1160
NA,-20.164444,-47.273056,650
NA,-16.7686,-47.6136,1202
NA,-15.735277,-47.932777,1060
NA,-15.9236,-48.8086,1008
NA,-14.071389,-47.509333,1430
NA,-16.536889,-49.15475,791
NA,-15.279444,-48.872222,599
NA,-14.072694,-47.509333,1430
NA,-15.716667,-48.941389,1052
NA,-17.8,-48.75,647
NA,-15.86667,-48.05,1196
NA,-15.824722,-48.906667,1124
NA,-15.8525,-48.9592,782
NA,-15.873889,-47.847778,1038
NA,-14.163333,-47.593056,1195
NA,-14,-47,454
NA,-16.745944,-47.694667,1075
NA,-13.733333,-47.25,683
NA,-15.866667,-48.05,1196
NA,-20.434444,-46.653333,845
NA,-16.016667,-48.2,1037
NA,-15.781389,-48.8275,1161
NA,-14,-50,308
NA,-16.7184,-48.0117,793
NA,-14.702778,-47.509167,995
NA,-14.072694,-47.509333,1430
NA,-15.9236,-48.8086,1008
NA,-15.9236,-48.8086,1008
NA,-16.6411,-48.0123,805
NA,-16.7686,-47.6136,1202
NA,-20.434444,-46.653333,845
NA,-14.116667,-47.516667,1319
NA,-20.267222,-46.415556,984
NA,-14.0931,-46.3694,816
NA,-14.4739,-48.4597,633
NA,-16.475753,-47.340471,920
NA,-15.929444,-47.899444,1092
NA,-15.8525,-48.9592,782
NA,-16.7686,-47.6136,1202
NA,-15.930833,-47.901944,1092
NA,-15.95,-47.933333,1079
NA,-15.75,-48.3,1064
NA,-16.7686,-47.6136,1202
NA,-14.0725,-47.509167,1430
NA,-10.295833,-48.127778,523
NA,-16.733333,-47.679722,1075
NA,-17.422833,-47.795583,953
NA,-16.766667,-47.616667,1202
NA,-15.786389,-48.772222,1145
NA,-15.8525,-48.9592,782
NA,-15.833333,-47.95,1108
NA,-15.931944,-48.405833,962
NA,-15.450555,-48.055,860
NA,-15.78,-47.804444,1037
NA,-14.11141,-47.73548,1161
NA,-15.8,-47.96667,1100
NA,-14.404444,-48.416389,746
NA,-13.666944,-47.801111,823
NA,-10.253611,-48.095833,632
NA,-11.69421,-47.70079,530
NA,-16.7686,-47.6136,1202
NA,-15.105,-49.033611,876
NA,-16.7686,-47.6136,1202
NA,-14.09739,-47.71183,1161
NA,-18.439444,-51.995278,604
NA,-15.9519,-47.8936,1092
NA,-15.926389,-47.905556,1092
NA,-13.8986,-60.8128,498
NA,-16.675,-47.9943,867
NA,-14.116667,-47.516667,1319
NA,-13.666833,-47.801167,823
NA,-15.8,-47.966667,1100
NA,-14.4739,-48.4597,633
NA,-15.726667,-48.875833,1133
NA,-30,-52,51
NA,-15.95,-47.9,1092
NA,-14,-46,938
NA,-17,-48,842
NA,-16.799314,-47.567975,1090
NA,-15.896111,-47.943333,1064
NA,-15.7781,-47.8853,1104
NA,-18.148389,-53.678167,632
NA,-15.483935,-47.639318,960
NA,-15.866667,-47.85,1038
NA,-18.066944,-47.272222,783
NA,-14.116667,-47.516667,1319
NA,-14.121667,-47.649722,1248
NA,-14,-47,454
NA,-15.965,-47.8986,1155
NA,-15.627222,-48.505833,733
NA,-15.725444,-48.890056,1133
NA,-14.072694,-47.509333,1430
NA,-14,-47,454
NA,-14,-47,454
NA,-14,-47,454
NA,-14.12,-47.5,1319
NA,-13.766667,-47.5,948
NA,-13.566944,-45.084722,727
NA,-15.85,-52.267,519
NA,-13.56694,-48.08472,360
NA,-14,-47,454
NA,-9.4002,-55.1256,472
NA,-14.116667,-47.5,1319
NA,-14.116667,-47.516667,1319
NA,-14.120864,-47.653017,1248
NA,-14.116667,-47.516667,1319
NA,-13.73,-47.25,683
NA,-14.116667,-47.516667,1319
NA,-14.133333,-47.45,1252
NA,-14.071511,-47.391086,815
NA,-14.5583,-60.7614,541
NA,-14.116667,-47.516667,1319
NA,-14.8233,-60.3861,823
NA,-14.116667,-47.516667,1319
NA,-14,-47,454
NA,-9.3116666,-64.606111,127
NA,-3.196111,-52.212222,134
NA,-9.6516666,-60.709444,156
NA,2.6,-54.02,187
NA,3.37,-61.42,103
NA,4.16667,-59.05,145
NA,-14.72,-56.328,226
NA,-1.05,-61.25,39
NA,3.433333,-59.766667,85
NA,6.58,-58.13,15
NA,5.31,-55.26,42
NA,3.75,-59.3,89
NA,1.428,-60.983,57
NA,4.8,-60.3,911
NA,0.818,-61.657,42
NA,-1.06319444,-46.75213889,22
NA,-12.5,-64.133333,135
NA,-9.4458333,-64.779722,106
NA,-7.056586,-51.409722,233
NA,-4.596111,-60.158056,43
NA,4.61,-61.13,1011
NA,3.1,-56.46,244
NA,4.93,-52.33,9
NA,4.05,-66.81,103
NA,4.78,-52.35,17
NA,-3.03,-60.58,14
NA,1.428083,-60.982889,57
NA,3.16,-65.55,133
NA,4.15,-59.0333,96
NA,3.94972,-58.8675,123
NA,-3.198617,-52.210331,134
NA,-2.500833,-45.775,30
NA,4.98,-60.61,1293
NA,1.6638889,-58.7722222,269
NA,5.7166667,-57.95,35
NA,-7.516667,-63.166667,71
NA,-3.33825,-61.404056,45
NA,4.69,-52.38,42
NA,3.33,-56.81,236
NA,-12.45,-67.62,181
NA,-12,-54,345
NA,-3.844178,-51.832289,160
NA,-4.083333,-41.733333,172
NA,-10.73,-65.25,182
NA,4.793611,-52.416667,19
NA,-2,-51.08,31
NA,-15,-59.95,199
NA,7.35,-62.71,274
NA,3.61,-52.31,137
NA,5.28,-60.76,832
NA,5.33,-54.83,42
NA,3.88,-58.91,81
NA,-6.333056,-49.934444,570
NA,5.71667,-57.95,35
NA,5.31,-66.28,535
NA,4.15,-59.0667,78
NA,3.38,-59.78,88
NA,5.18917,-57.2853,19
NA,4.96,-52.46,12
NA,5.08,-52.59,11
NA,4.0972222,-58.875,142
NA,7.11,-63.23,284
NA,3.79144,-56.1496,304
NA,5.53,-54.8,18
NA,4.15,-59.0666667,78
NA,5.61,-66.13,172
NA,5.33,-55.5,39
NA,4.41,-65.83,223
NA,4.81667,-60.0167,655
NA,6.5,-58.1667,28
NA,5.4,-67.61,151
NA,4.81,-67.43,109
NA,4.93,-52.33,9
NA,5.8,-67.33,120
NA,3.1,-59.4,397
NA,4.41667,-58.8333,88
NA,1.468278,-61.006889,67
NA,5.1,-60.73,1355
NA,4.91667,-52.5,21
NA,5.15,-67.75,88
NA,-0.944058,-48.020847,27
NA,-0.896111,-51.8875,13
NA,-1.478806,-60.969,69
NA,2.5,-59.2833,175
NA,-11.276475,-37.431192,31
NA,4.5833333,-58.7333333,103
NA,5.41,-53.06,15
NA,-3.391944,-61.442139,40
NA,5.25,-55.33,44
NA,-10.733333,-65.25,182
NA,4.2,-51.65,24
NA,3.61,-53.2,232
NA,-2.485639,-45.778611,23
NA,0.366667,-51.066667,24
NA,3.41,-65.66,1619
NA,-8.655556,-64.361389,92
NA,-7.516667,-63.166667,71
NA,1.049917,-61.249667,45
NA,5.6,-57.58,17
NA,-4.492356,-61.16415,48
NA,-1.08,-53.17,147
NA,1.477861,-60.997778,78
NA,4.36,-67.73,109
NA,2.88,-54.06,189
NA,2.5,-59.2833333,175
NA,4.58333,-58.7333,103
NA,4.76,-52.31,19
NA,4.36,-61.75,570
NA,4.93,-52.33,9
NA,-9.445833,-64.779722,106
NA,-0.8583,-48.1417,11
NA,5.45,-55.19,21
NA,-3.208056,-43.403333,63
NA,-10.733333,-65.25,182
NA,-7.5,-57.25,335
NA,1.65139,-58.6472,242
NA,-2.48,-45,6
NA,4.61164,-56.5068,77
NA,5.64,-67.38,144
NA,5.23,-52.78,9
NA,-7.516667,-63.166667,71
NA,-2.67,-60.33,31
NA,4.4166667,-58.8333333,88
NA,-9.365278,-56.782778,247
NA,-6.666667,-44.7,252
NA,-13.805556,-46.847222,450
NA,-14.473611,-55.680556,351
NA,-15.796,-48.759,1126
NA,-8.807778,-49.082778,226
NA,-15.796389,-48.759444,1126
NA,-15.712778,-48.925556,1052
NA,-12.9,-51.87,365
NA,-8.05,-50.17,294
NA,-9.586111,-55.918611,260
NA,-14.63,-52.23,287
NA,-13.5425,-48.000556,403
NA,-14.63,-52.23,287
NA,-11.660833,-47.706667,367
NA,-18.606389,-48.303611,716
NA,-16.466667,-49.916667,695
NA,-15.0535,-52.2582,345
NA,-13.466667,-48.383333,453
NA,-13.65,-60.8,195
NA,-15.801111,-48.834722,1205
NA,-10.916944,-49.630556,184
NA,-16.035709,-50.104255,724
NA,-9.362222,-56.784167,247
NA,-13.648056,-46.596111,492
NA,-9.587306,-55.916611,295
NA,-19.033333,-49.467778,614
NA,-15.59167,-47.70833,968
NA,-16.03,-62.08,476
NA,-9.3509,-55.5505,392
NA,-14.85,-48.87,695
NA,-16.63,-62.43,275
NA,-16.42,-62,655
NA,-7.912778,-47.231111,265
NA,-16.518806,-49.146111,791
NA,-13.529444,-47.0675,402
NA,-17.833333,-55.333333,155
NA,-8.5,-50.17,222
NA,-13.52,-56.32,359
NA,-13.908,-52.078,388
NA,-14.748611,-52.566389,301
NA,-10.666667,-48.333333,311
NA,-16.360833,-58.308611,180
NA,-12.9,-51.87,365
NA,-13.866667,-56.533333,403
NA,-16.536889,-49.286111,769
NA,-16.36075,-58.308639,180
NA,-15.923333,-49.231667,691
NA,-9.58675,-55.916889,260
NA,-16.6786,-49.2539,772
NA,-16.518806,-49.146111,791
NA,-15.2444,-61.5039,301
NA,-12.634444,-56.335,392
NA,-11.410278,-48.369444,239
NA,-14.35,-55.57,292
NA,-16.851944,-49.239167,757
NA,-15.490556,-57.195556,185
NA,-12.9,-51.866667,365
NA,-17.479444,-51.888889,901
NA,-13.51,-56.29,390
NA,-15.0535,-52.2582,345
NA,-14.617,-56.583,277
NA,-14.6025,-60.8528,207
NA,-14.6056,-60.8569,207
NA,-13.618,-53.292,388
NA,6.03,-67.36,60
NA,5.53,-67.53,106
NA,5.68,-67.18,650
NA,8.92,-71.68,12
NA,5.55,-67.59,66
NA,7.72,-71.97,1182
NA,10.0805556,-84.4083333,1018
NA,9.6953,-84.4372,351
NA,9.7,-69.53,874
NA,-14.53,-54.51,439
NA,5.96,-67.36,67
NA,9.683,-69.508,874
NA,6.83,-66.5,178
NA,4.95,-67.4,903
NA,5.1,-67.3,955
NA,4.86,-67.45,290
NA,4.98,-67.3,883
NA,5.1,-67.4,751
NA,4.95,-67.4,903
NA,5.77,-66.2,1893
NA,0.9,-66.04,867
NA,0.961111,-65.9917,1717
NA,0.98,-65.93,1443
NA,1.5,-65.85,886
NA,1.43,-65.78,413
NA,0.881389,-66.083333,1275
NA,5.91,-66.38,1550
NA,5.75,-66.05,1743
NA,4.81,-64.56,1803
NA,4.81,-64.56,1803
NA,4.41,-65.83,223
NA,4.41,-65.53,1140
NA,3.23,-65.56,157
NA,4.75,-64.43,1322
NA,3.39511,-65.6046,1673
NA,3.83,-65.71,685
NA,4.8,-64.53,1741
NA,4.58,-64.25,1549
NA,-8,-52,542
NA,-6.07,-50.13,579
NA,-6.315,-49.909167,605
NA,-6.390556,-50.379167,555
NA,-6.399722,-50.327222,630
NA,-12.82,-51.77,332
NA,3.58,-65.38,821
NA,5.95,-60.63,651
NA,5.05,-61.36,1192
NA,6.0361111,-61.15,771
NA,5.9,-61.0333,1055
NA,5.46667,-60.0667,742
NA,5.83278,-61.2347,1438
NA,5.06778,-59.9469,861
NA,5.46667,-60.0667,742
NA,5.91,-61,1055
NA,3.83,-65.33,901
NA,3.6,-65.38,2033
NA,5.08,-61.11,878
NA,3.16,-65.51,127
NA,4.5,-65.5,1182
NA,5.89472,-61.0203,1055
NA,2.58333,-59.3667,151
NA,5.91,-62.55,1589
NA,5.9972222,-61.0527778,1105
NA,5.85,-62.03,1565
NA,5.91,-62.53,1280
NA,5.98861,-61.06,1105
NA,5.93,-61.4,1401
NA,-16.065858,-50.178486,777
NA,-16.066667,-50.183333,777
NA,5.08,-67.31,910
NA,5.07064,-67.4499,1386
NA,4.05,-66.02,176
NA,9.3083,-69.7,478
NA,-13.5508,-61.0586,178
NA,-7.52,-63.17,71
NA,6.66,-65.71,118
NA,6.44,-67.12,85
NA,-13.6539,-60.8311,195
NA,-7.78,-51.12,293
NA,6.28,-67.08,125
NA,-13.58,-68.77,250
NA,-13.08,-67.25,165
NA,-13.5508,-61.0586,178
NA,-8.025556,-50.031944,207
NA,-14.83,-66.67,191
NA,5.53,-65.95,118
NA,-13.823083,-47.457639,806
NA,-13.7975,-47.4583,806
NA,-15.765556,-48.932778,1101
NA,-15.82175,-48.709694,1173
NA,-15.825833,-48.753333,1126
NA,-15.725278,-48.876111,1133
NA,-15.796111,-48.830278,1178
NA,-14.180064,-47.842742,858
NA,-12.348,-46.338,783
NA,-15.760556,-48.918889,1101
NA,-14.161111,-47.790833,1100
NA,-13.71889,-48.29944,854
NA,-15.786111,-48.771944,1145
NA,-13.036666,-48.136388,300
NA,-15.825833,-48.773889,1126
NA,-14.35,-48.2,470
NA,-8.4488888,-47.666944,240
NA,-14.185556,-47.626944,1224
NA,-15.826111,-48.772222,1126
NA,-14.295278,-49.104167,511
NA,-15.793333,-48.893611,1124
NA,-13.3775,-48.050277,393
NA,-13.65,-47.819167,821
NA,-16.403053,-49.252211,913
NA,-13.966667,-48.3,443
NA,-15.786667,-48.771111,1145
NA,-15.765,-48.933,1101
NA,-10.55,-46.75,413
NA,-15.533333,-47.55,1049
NA,-13.361111,-48.149166,331
NA,-15.798889,-48.818611,1178
NA,-13.662222,-48.268055,741
NA,-14.63333,-48.96667,469
NA,-15.793,-48.893,1124
NA,-15.715556,-48.892778,1133
NA,-10.283333,-48.216667,427
NA,-13.3775,-48.050278,393
NA,-15.55,-48.25,1273
NA,-14.36667,-48.2,470
NA,-14.45,-49.08333,512
NA,-14.432222,-48.154444,491
NA,-15.786,-48.772,1145
NA,-15.825,-48.693333,1170
NA,-15.663333,-47.936666,1161
NA,-15.8325,-48.674722,1170
NA,-14.131111,-47.669167,1248
NA,-16.07,-50.18,777
NA,-15.655555,-48.076944,1208
NA,-15.77,-47.72,987
NA,-15.95,-50.033333,837
NA,-16.722778,-53.145,659
NA,-11.296667,-47.318333,576
NA,-15.475277,-48.491944,731
NA,-15.816889,-48.732528,1173
NA,-11.692983,-47.716611,332
NA,-15.807222,-48.888611,1124
NA,-15.713889,-48.893611,1133
NA,-15.798889,-48.865,1205
NA,-14.159167,-47.785278,1100
NA,-16.001388,-50.051388,781
NA,-15.72,-48.939444,1052
NA,-15.816944,-48.7325,1173
NA,-15.8025,-48.847222,1205
NA,-16.071388,-50.181944,777
NA,-15.794722,-48.813889,1178
NA,-15.713333,-48.964444,962
NA,-11.670556,-47.707222,530
NA,-15.95,-50.03,837
NA,-16.074722,-50.195278,777
NA,5.0685,-67.4377,1386
NA,3.51,-67.36,111
NA,3.93,-67.58,107
NA,3.66,-66.86,105
NA,4.86,-67.45,290
NA,1.933333,-67.033333,106
NA,1.93,-67.06,94
NA,1.47,-68,119
NA,0.83,-66.11,510
NA,0.83,-66.08,1545
NA,1.83,-67,92
NA,3.2,-67.4,90
NA,1.7,-66.76,109
NA,1.92,-67,106
NA,2.92,-67.43,105
NA,2.67,-67.5,100
NA,1.78,-67.1,108
NA,2.75,-67.55,97
NA,1.93022,-67.0161,106
NA,-15.787778,-48.870833,1171
NA,-14.633333,-49,478
NA,-6.616667,-45.883333,474
NA,-9.69,-52.606,270
NA,-12.913888,-47.618055,342
NA,-7.583333,-46.083333,264
NA,-12.9,-51.87,365
NA,-12.82,-51.77,332
NA,-12.9,-51.866667,365
NA,-16,-50.133333,551
NA,-11.698,-51.428,255
NA,-9.3506,-55.1308,475
NA,-12.85,-49.1,298
NA,-10.253611,-48.095833,632
NA,-16.078889,-50.185278,777
NA,-14.666667,-52.35,289
NA,-15.030833,-56.362222,259
NA,-15.85,-52.25,519
NA,-15.781667,-48.8275,1161
NA,-14,-50,308
NA,-14.73,-52.33,299
NA,-14.116667,-47.516667,1319
NA,-15.846944,-48.770833,1051
NA,-12.816667,-51.766667,332
NA,-3.42,-48.62,108
NA,-14.396,-46.572917,530
NA,-9.494722,-55.150556,393
NA,-6.82,-47.82,387
NA,-17.716667,-48.366667,784
NA,-14.4739,-48.4597,633
NA,-11.3431,-50.5837,189
NA,-15.825972,-48.772833,1126
NA,-8.475278,-45.742778,280
NA,-14.733333,-52.333333,299
NA,-17.366667,-52.166667,820
NA,-14.73,-52.33,299
NA,-15.916667,-50.15,514
NA,-12.913889,-47.618056,342
NA,-15.789444,-48.881111,1183
NA,-11.575,-50.977,195
NA,-13.417222,-47.080278,398
NA,-7.6958333,-47.5975,180
NA,-12.9,-51.866667,365
NA,-10.166667,-48.883333,364
NA,-46.833333,-70.583333,575
NA,-10.041389,-48.454722,233
NA,-9.601389,-55.240556,381
NA,-15.57,-48.03,1225
NA,-15.92,-50.15,514
NA,-15.8106,-54.9178,320
NA,-15.847,-48.771,1051
NA,-13.81667,-48.43333,501
NA,-9.499167,-55.796667,310
NA,-9.753,-52.632,270
NA,-9.756,-52.635,270
NA,-15.841099,-48.746796,1151
NA,5.71667,-65.3167,1741
NA,5.66,-65.13,842
NA,6,-65.71,704
NA,5.55,-65.21,2172
NA,-15.85,-52.267,519
NA,-16.923333,-49.231667,832
NA,-13.529444,-48.0675,358
NA,-13.40306,-48.13972,337
NA,-17.55,-48.483333,705
NA,-11.573861,-50.983631,195
NA,-15.909722,-48.000833,1160
NA,-11.575556,-50.976944,195
NA,-5.68,-63.1,72
NA,-13.113888,-48.226388,381
NA,-13.80556,-46.84722,450
NA,-11.5755,-50.977028,195
NA,-14.36667,-48.2,470
NA,-13.417222,-48.080278,400
NA,-11.573889,-50.983889,195
NA,-11.3425,-50.5901,189
NA,-16.1425,-48.60333,890
NA,-13.52944,-48.0675,358
NA,-13.648055,-46.596111,492
NA,-11.573611,-50.983611,195
NA,-16.923333,-49.231666,832
NA,-12.806388,-48.229722,299
NA,-14.5397,-61.4981,248
NA,-11.575278,-50.976944,195
NA,-12.969722,-48.195555,311
NA,-14.191666,-48.1125,534
NA,-16,-62.08,476
NA,-14.7436,-60.9608,173
NA,-3.05,-60.6,57
NA,0.818056,-61.656667,42
NA,5.23,-67.8,83
NA,-14.7433,-61.02,173
NA,-12.919722,-50.876389,214
NA,-35,-64.67,236
NA,5.1,-67.8,90
NA,-12.5,-64.13,135
NA,3.75,-66.8,118
NA,5.66,-67.62,77
NA,-13.08,-67.25,165
NA,-16.166667,-49.433333,908
NA,3.16,-65.55,133
NA,-16.166667,-49.433333,908
NA,3.16,-65.55,133
NA,3.16,-65.55,133
NA,3.16,-65.55,133
NA,5.66,-67.62,77
NA,3.16,-65.55,133
NA,-17.881667,-57.550556,436
NA,5.25,-67.9,78
NA,4.91,-67.71,97
NA,5.3,-66.03,116
NA,5.65,-67.63,79
NA,4.75,-64.4333,1322
NA,4.69,-64.22,1278
