"specificEpithet","day","month","year","lat","lon"
"aegopogon",23,1,2018,-15.105,-49.033611
"aegopogon",6,9,2018,-15.649167,-52.388056
"aegopogon",4,11,2018,-19.267222,-43.603333
"aegopogon",20,12,2017,-15.716667,-48.941389
"aegopogon",13,1,2016,-15.8425,-47.816944
"aegopogon",19,1,2015,-19.682778,-46.445
"aegopogon",8,2,2015,-15.735277,-47.932777
"aegopogon",5,3,2015,-11.22333,-47.566111
"aegopogon",6,3,2015,-11.69421,-47.70079
"aegopogon",5,3,2015,-11,-47
"aegopogon",26,8,2015,-15.627222,-48.505833
"aegopogon",26,2,2014,-15.450555,-48.055
"aegopogon",15,4,2014,-15.929444,-47.899444
"aegopogon",21,2,2013,-15.725444,-48.890056
"aegopogon",21,2,2013,-15.746667,-48.838889
"aegopogon",19,2,2013,-15.279444,-48.872222
"aegopogon",19,2,2013,-15.781389,-48.8275
"aegopogon",18,2,2013,-15.786389,-48.772222
"aegopogon",21,2,2013,-15.725556,-48.89
"aegopogon",17,1,2012,-15.930833,-47.901944
"aegopogon",24,3,2012,-13.9295,-47.4305
"aegopogon",21,3,2012,-14.121667,-47.649722
"aegopogon",17,3,2012,-16.799314,-47.567975
"aegopogon",17,3,2012,-18.330278,-48.422222
"aegopogon",22,3,2012,-14.251389,-47.846111
"aegopogon",20,3,2012,-14.307778,-47.934722
"aegopogon",21,3,2012,-14.167778,-47.798055
"aegopogon",22,3,2012,-14.305556,-47.9325
"aegopogon",21,3,2012,-14.219444,-47.737222
"aegopogon",22,3,2012,-14.174167,-47.965555
"aegopogon",24,3,2012,-13.929444,-47.430278
"aegopogon",17,3,2012,-16.475753,-47.340471
"aegopogon",29,4,2012,-14.11141,-47.73548
"aegopogon",30,4,2012,-14.09739,-47.71183
"aegopogon",11,12,2012,-15.726667,-48.875833
"aegopogon",8,4,2010,-18.611389,-48.304722
"aegopogon",5,5,2010,-15.78,-47.804444
"aegopogon",28,10,2010,-13.666833,-47.801167
"aegopogon",24,2,2009,-15.81485,-48.85849
"aegopogon",10,3,2007,-15.926389,-47.905556
"aegopogon",25,9,2007,-16.6411,-48.0123
"aegopogon",27,9,2007,-16.675,-47.9943
"aegopogon",8,12,2007,-16.7184,-48.0117
"aegopogon",17,10,2006,-14.235278,-47.905833
"aegopogon",7,12,2006,-15.657778,-48.080556
"aegopogon",7,12,2006,-15.657777,-48.080555
"aegopogon",18,1,2005,-15.824722,-48.906667
"aegopogon",31,3,2005,-15.866667,-47.85
"aegopogon",30,3,2005,-16.536889,-49.15475
"aegopogon",24,4,2005,-18.439444,-51.995278
"aegopogon",NA,4,2005,-18.439444,-51.995278
"aegopogon",7,4,2005,-15.873889,-47.847778
"aegopogon",13,1,2004,-20.164444,-47.273056
"aegopogon",14,2,2004,-14.072694,-47.509333
"aegopogon",25,2,2004,-14.072694,-47.509333
"aegopogon",5,4,2004,-14.072694,-47.509333
"aegopogon",28,4,2004,-14.071389,-47.509333
"aegopogon",18,12,2004,-14.163333,-47.593056
"aegopogon",1,1,2003,-15.866667,-47.85
"aegopogon",20,2,2003,-18.066944,-47.272222
"aegopogon",23,10,2003,-15.786889,-48.868028
"aegopogon",29,11,2003,-20.434444,-46.653333
"aegopogon",20,1,2002,-17.422833,-47.795583
"aegopogon",5,11,2002,-16.20972,-48.21444
"aegopogon",5,12,2002,-20.434444,-46.653333
"aegopogon",5,12,2002,-20.335,-46.812778
"aegopogon",6,12,2002,-20.3425,-46.767222
"aegopogon",16,12,2002,-15.896111,-47.943333
"aegopogon",26,2,2000,-16.733333,-47.679722
"aegopogon",20,3,2000,-16.745944,-47.694667
"aegopogon",NA,3,2000,-16.7409,-47.690133
"aegopogon",20,5,2000,-16.745833,-47.694444
"aegopogon",13,12,2000,-15.7781,-47.8853
"aegopogon",30,11,1999,-14.56667,-48.69917
"aegopogon",5,12,1999,-15.066667,-50.166667
"aegopogon",23,12,1999,-15.948214,-47.878464
"aegopogon",22,1,1998,-15.9,-48
"aegopogon",14,3,1997,-14.58694,-60.84027
"aegopogon",7,7,1997,-13.738889,-48.299444
"aegopogon",6,12,1997,-14.702778,-47.509167
"aegopogon",6,12,1997,-14.0725,-47.509167
"aegopogon",NA,10,1996,-14.135278,-47.774722
"aegopogon",NA,11,1996,-14.404444,-48.416389
"aegopogon",23,11,1996,-18,-44
"aegopogon",20,12,1996,-15.583333,-47.883333
"aegopogon",9,1,1995,-15.83,-47.95
"aegopogon",9,1,1995,-15.833333,-47.95
"aegopogon",26,10,1995,-13.89472,-60.81277
"aegopogon",27,10,1995,-14.80305,-60.39277
"aegopogon",24,11,1995,-15.86667,-48.05
"aegopogon",24,11,1995,-15.866667,-48.05
"aegopogon",19,1,1994,-15.8,-47.96667
"aegopogon",12,1,1994,-20.267222,-46.415556
"aegopogon",19,1,1994,-15.8,-47.966667
"aegopogon",7,2,1994,-15.483935,-47.639318
"aegopogon",21,3,1994,-10.124444,-48.270556
"aegopogon",17,3,1994,-10.253611,-48.095833
"aegopogon",22,3,1994,-10.295833,-48.127778
"aegopogon",13,6,1994,-14.79833,-60.39277
"aegopogon",14,10,1994,-14.60694,-60.85638
"aegopogon",12,11,1994,-13.89861,-60.81277
"aegopogon",12,11,1994,-13.8986,-60.8128
"aegopogon",6,12,1994,-18,-44
"aegopogon",6,12,1994,-19.8694005837072,-47.4401506543322
"aegopogon",6,11,1993,-14.82333,-60.38611
"aegopogon",11,11,1993,-14.55833,-60.76138
"aegopogon",30,12,1993,-15.866667,-47.85
"aegopogon",9,3,1992,-13.466667,-48.383333
"aegopogon",8,7,1992,-14.633333,-48.966667
"aegopogon",9,1,1990,-15.965,-47.8986
"aegopogon",10,1,1990,-15.9519,-47.8936
"aegopogon",4,1,1990,-15.911111,-47.914167
"aegopogon",9,1,1990,-15.965,-47.898611
"aegopogon",10,1,1990,-15.951944,-47.893611
"aegopogon",13,11,1990,-15.75,-48.3
"aegopogon",14,12,1990,-15.883333,-47.933333
"aegopogon",8,2,1987,-13.733333,-47.25
"aegopogon",4,2,1987,-16.766667,-47.616667
"aegopogon",4,2,1987,-16.75,-47.616667
"aegopogon",4,2,1987,-16.77,-47.62
"aegopogon",7,12,1987,-15.8525,-48.9592
"aegopogon",13,11,1986,-16.7686,-47.6136
"aegopogon",15,2,1982,-15.566667,-48.033333
"aegopogon",NA,NA,1982,-16.016667,-48.2
"aegopogon",14,1,1981,-15.9236,-48.8086
"aegopogon",14,1,1981,-30,-52
"aegopogon",25,2,1981,-15.95,-47.9
"aegopogon",29,1,1980,-15.95,-47.933333
"aegopogon",NA,1,1980,-14.116667,-47.516667
"aegopogon",23,1,1979,-14,-47
"aegopogon",NA,1,1979,-14.116667,-47.516667
"aegopogon",27,12,1979,-15.7834208090807,-47.9298726661488
"aegopogon",11,4,1976,-15.866667,-47.85
"aegopogon",28,11,1976,-14.1361863978701,-47.5101417129434
"aegopogon",20,12,1974,-17.8,-48.75
"aegopogon",21,12,1974,-17.8,-48.75
"aegopogon",4,4,1973,-16.7686,-47.6136
"aegopogon",4,4,1973,-16.823742555015,-47.6704580401791
"aegopogon",16,1,1972,-15.8525,-48.9592
"aegopogon",15,1,1972,-15.8525,-48.9592
"aegopogon",21,1,1972,-14.4739,-48.4597
"aegopogon",23,1,1972,-14.4739,-48.4597
"aegopogon",15,1,1972,-15.85,-48.85664
"aegopogon",23,1,1972,-14.5223,-48.45
"aegopogon",17,1,1972,-15.7981191657884,-48.7761282105302
"aegopogon",20,3,1971,-14.116667,-47.516667
"aegopogon",5,2,1970,-17.22555,-46.8727
"aegopogon",8,2,1970,-17.05385,-47.1541
"aegopogon",25,2,1970,-15.73555,-47.6874
"aegopogon",15,1,1968,-15.9236,-48.8086
"aegopogon",15,1,1968,-15.8,-48.77
"aegopogon",8,3,1968,-12.9,-51.37
"aegopogon",8,4,1968,-12.9,-51.87
"aegopogon",2,12,1968,-16,-49
"aegopogon",NA,NA,1968,-16.7686,-47.6136
"aegopogon",NA,NA,1968,-15.8525,-48.9592
"aegopogon",2,2,1967,-16.7686,-47.6136
"aegopogon",19,1,1966,-14,-50
"aegopogon",19,1,1966,-16.0611,-50.00122
"aegopogon",9,2,1966,-14,-47
"aegopogon",9,2,1966,-14.1167,-47.70192
"aegopogon",2,3,1966,-16.7686,-47.6136
"aegopogon",2,3,1966,-16.72289,-47.6
"aegopogon",2,3,1966,-17,-48
"aegopogon",6,4,1966,-14.0931,-46.3694
"aegopogon",6,4,1966,-14.13,-46.37
"aegopogon",6,4,1966,-14,-46
"aegopogon",5,11,1965,-16.73193,-47.6
"aegopogon",10,11,1965,-16,-48
"aegopogon",2,12,1965,-15.9236,-48.8086
"aegopogon",2,12,1965,-16,-49
"aegopogon",12,12,1965,-15.8,-47.82397
"aegopogon",2,12,1965,-16.0357639586557,-48.8091309966958
"aegopogon",9,12,1965,-15.7834208090807,-47.9298726661488
"aegopogon",14,12,1965,-15.7834208090807,-47.9298726661488
"aegopogon",19,10,1963,-15.7834208090807,-47.9298726661488
"aegopogon",4,1,1961,-15.7834208090807,-47.9298726661488
"aegopogon",NA,NA,1844,-10.8339,-52.8731
"aegopogon",NA,NA,NA,-12.82,-51.77
"aegopogon",NA,NA,NA,-19.690239,-44.096503
"aegopogon",NA,NA,NA,-13.666944,-47.801111
"aegopogon",NA,NA,NA,-15.8525,-48.9592
"aegopogon",NA,NA,NA,-14.116667,-47.516667
"aegopogon",NA,NA,NA,-16.7686,-47.6136
"aegopogon",NA,NA,NA,-10.8339,-52.8731
"albescens",21,3,2012,-14.120864,-47.653017
"albescens",21,3,2012,-14.071511,-47.391086
"albescens",21,3,2012,-14.143056,-47.703056
"albescens",21,3,2012,-14.189722,-47.774444
"albescens",10,2,2006,-15.85,-52.267
"albescens",13,12,2000,-13.566944,-45.084722
"albescens",14,3,1995,-14.133333,-47.45
"albescens",22,9,1995,-14.55,-60.916667
"albescens",21,5,1994,-13.766667,-47.5
"albescens",30,10,1993,-14.58194,-60.84111
"albescens",6,11,1993,-14.8233,-60.3861
"albescens",11,11,1993,-14.5583,-60.7614
"albescens",8,2,1987,-13.73,-47.25
"albescens",8,2,1981,-14.116667,-47.516667
"albescens",7,2,1981,-14.116667,-47.516667
"albescens",NA,1,1980,-14.116667,-47.516667
"albescens",5,2,1979,-14.116667,-47.516667
"albescens",14,2,1979,-14.116667,-47.5
"albescens",3,2,1979,-14.116667,-47.516667
"albescens",3,2,1979,-14,-47
"albescens",16,2,1979,-14,-47
"albescens",14,2,1979,-14.12,-47.5
"albescens",5,3,1973,-14.1103,-47.5103
"albescens",7,3,1973,-14.0755,-47.4754
"albescens",6,3,1973,-14.104,-47.4658
"albescens",18,3,1973,-13.8162297263192,-47.2651251433805
"albescens",21,3,1969,-14.116667,-47.516667
"albescens",21,3,1969,-14.1167,-47.5167
"albescens",23,3,1968,-14.38,-47.53
"albescens",13,2,1966,-14,-47
"albescens",14,2,1966,-10.8339,-52.8731
"albescens",14,2,1966,-14,-47
"albescens",8,2,1966,-14.1167,-47.65562
"albescens",13,2,1966,-14.1167,-47.52596
"albescens",8,2,1966,-14,-47
"albescens",NA,NA,NA,-14.116667,-47.516667
"albescens",NA,NA,NA,-10.8339,-52.8731
"albescens",NA,NA,NA,-12,-48
"araguaiensis",11,7,2016,-6.168056,-48.56
"araguaiensis",8,2,1980,-8.05,-50.17
"araguaiensis",13,2,1980,-8.05,-50.17
"aspera",22,6,2018,-1.860556,-54.082778
"aspera",21,6,2018,-2.031944,-54.206944
"aspera",23,6,2018,-1.714167,-54.748889
"aspera",26,1,2017,-1.424906,-48.42
"aspera",15,2,2017,-2.424906,-48.42
"aspera",3,3,2017,-0.854722,-48.539167
"aspera",2,4,2017,5.561389,-68.449778
"aspera",15,8,2017,-7.056586,-51.409722
"aspera",4,8,2017,13.575583,-84.323778
"aspera",26,11,2017,8.553042,-75.196161
"aspera",26,3,2016,-9.188055,-62.948611
"aspera",19,7,2016,-0.823333,-48.095
"aspera",15,5,2015,3.552611,-71.620611
"aspera",16,5,2015,4.120583,-71.529667
"aspera",12,10,2015,6.223806,-69.880056
"aspera",9,10,2015,6.269583,-69.680456
"aspera",11,2,2014,-0.944058,-48.020847
"aspera",4,3,2014,-3.844178,-51.832289
"aspera",24,6,2014,-2.500833,-45.775
"aspera",30,8,2014,-2.485639,-45.778611
"aspera",26,9,2014,1.7744,-61.1522
"aspera",26,9,2014,1.7731,-61.1514
"aspera",27,9,2014,1.477861,-60.997778
"aspera",27,9,2014,1.477861,-60.984778
"aspera",9,11,2014,4.596111,-60.158056
"aspera",9,11,2014,-4.596111,-60.158056
"aspera",20,3,2013,6.379417,-71.931833
"aspera",7,5,2013,-9.651667,-60.709444
"aspera",7,5,2013,-0.702222,-51.6
"aspera",7,5,2013,-9.653056,-65.171389
"aspera",10,8,2013,1.490083,-61
"aspera",12,8,2013,3.791389,-56.149722
"aspera",10,8,2013,-1.483333,-61
"aspera",12,8,2013,3.79144,-56.1496
"aspera",12,8,2013,3.79144,-56.14961
"aspera",12,11,2013,2.659426,-60.860145
"aspera",13,12,2013,0.818,-61.657
"aspera",25,6,2012,-1.063194,-46.752139
"aspera",7,7,2012,6.088917,-67.710389
"aspera",4,7,2012,6.069944,-67.753972
"aspera",5,10,2012,-1.478806,-60.969
"aspera",28,10,2012,-4.492356,-61.16415
"aspera",26,10,2012,-3.391944,-61.442139
"aspera",25,10,2012,-3.33825,-61.404056
"aspera",26,10,2012,-3.391944,-61.442222
"aspera",28,10,2012,-4.492222,-61.164167
"aspera",5,10,2012,-1.478889,-60.968889
"aspera",5,10,2012,-1.4789,-60.9689
"aspera",28,10,2012,-4.4922,-61.1642
"aspera",23,10,2012,-11.276475,-37.431192
"aspera",23,3,2011,1.049917,-61.25
"aspera",30,3,2011,-9.445833,-64.78
"aspera",23,3,2011,1.049917,-61.249667
"aspera",30,3,2011,-9.445833,-64.779722
"aspera",23,3,2011,-1.05,-61.25
"aspera",30,3,2011,-9.4458,-64.7797
"aspera",12,6,2011,-0.896111,-51.8875
"aspera",27,11,2011,-2.534444,-54.908056
"aspera",27,11,2011,-2.5344,-54.9081
"aspera",27,5,2010,-0.604722,-47.5775
"aspera",18,7,2010,1.428083,-60.98
"aspera",24,7,2010,2.785341,-61.01
"aspera",18,7,2010,1.428083,-60.982889
"aspera",24,7,2010,1.468278,-61.006889
"aspera",18,7,2010,1.428,-60.983
"aspera",1,7,2010,2.8,-72.09
"aspera",20,7,2010,1.318329,-61.131878
"aspera",21,7,2010,-0.5767,-51.1758
"aspera",15,9,2010,1.318329,-61.131878
"aspera",30,11,2010,16.631389,-88.485
"aspera",30,11,2010,16.611389,-88.459444
"aspera",16,12,2010,-3.198617,-52.210331
"aspera",16,12,2010,-3.196111,-52.212222
"aspera",1,12,2010,16.611389,-88.459444
"aspera",5,1,2009,-9.311667,-64.606111
"aspera",26,5,2009,-12.85436,-67.65336
"aspera",26,5,2009,-12.854361,-67.653361
"aspera",5,9,2009,-0.603056,-47.579722
"aspera",14,6,2008,14.12694,-83.44166
"aspera",12,8,2008,5.08,-52.59
"aspera",13,3,2007,2.7395,-61.13
"aspera",14,3,2007,2.7395,-61.13
"aspera",24,4,2007,-8.655667,-64.36
"aspera",24,4,2007,-8.655556,-64.361389
"aspera",11,5,2007,5.23,-52.78
"aspera",11,5,2007,5.23194,-52.78278
"aspera",10,6,2007,4.69,-52.38
"aspera",5,8,2007,2.5,-72.64
"aspera",13,12,2007,-6.333056,-49.934444
"aspera",19,5,2005,-4.7425,-42.532222
"aspera",14,8,2005,6.1015,-67.521944
"aspera",2,8,2005,4.94972,-52.44361
"aspera",5,10,2005,3.59,-67.44
"aspera",17,2,2004,5.305556,-67.943333
"aspera",23,2,2004,4.583333,-52.266667
"aspera",10,3,2004,4.61164,-56.5068
"aspera",10,3,2004,4.61164,-56.50683
"aspera",10,3,2004,4.612,-56.507
"aspera",17,4,2004,2.5,-53.83333
"aspera",28,6,2004,2.6,-54.02
"aspera",28,6,2004,2.608333,-54.029167
"aspera",28,6,2004,2.60833,-54.02917
"aspera",16,7,2004,2.864167,-60.72
"aspera",8,12,2004,3.02,-73.16
"aspera",14,2,2003,4.78,-52.43
"aspera",14,2,2003,4.783333,-52.433333
"aspera",21,5,2003,1.443808,-60.83
"aspera",NA,NA,2003,-3.208056,-43.403333
"aspera",26,4,2002,14.216667,-83.35
"aspera",30,3,2001,-6.08333,-77.1
"aspera",17,4,2001,-16.1,-61.98333
"aspera",21,4,2001,-0.066667,-51.516667
"aspera",17,8,2000,-12.78333,-66.56666
"aspera",27,6,1999,-4.083333,-41.733333
"aspera",16,8,1999,-0.433333,-64
"aspera",23,9,1999,0.33,-51.25
"aspera",13,4,1998,-5.026461,-42.420771
"aspera",24,6,1998,-52.081667,-60.6325
"aspera",26,7,1998,5.61417,-66.1024
"aspera",1,7,1998,4.75,-70.45
"aspera",18,9,1998,1.65139,-58.6472
"aspera",18,9,1998,1.663889,-58.772222
"aspera",NA,9,1998,1.651389,-58.647222
"aspera",21,1,1997,-14.705,-61.16027
"aspera",19,3,1997,-14.60361,-61.49111
"aspera",26,5,1997,-12.3,-60.38
"aspera",26,5,1997,-0.305,-60.386944
"aspera",5,7,1997,-14.57944,-60.9125
"aspera",7,9,1997,4.7364,-58.7017
"aspera",7,9,1997,2,-59.56667
"aspera",2,10,1997,3.94972,-58.8675
"aspera",2,10,1997,4.097222,-58.875
"aspera",NA,10,1997,3.949722,-58.8675
"aspera",23,3,1996,4.41667,-58.8333
"aspera",23,3,1996,4.416667,-58.833333
"aspera",NA,3,1996,4.416667,-58.833333
"aspera",5,4,1996,4.15,-59.0667
"aspera",5,4,1996,4.15,-59.066667
"aspera",NA,4,1996,4.15,-59.066667
"aspera",9,11,1996,5.64,-67.38
"aspera",16,11,1996,-15,-59.95
"aspera",23,1,1995,-14.74333,-61.02
"aspera",26,2,1995,4.15,-59.0333
"aspera",26,2,1995,4.15,-59.03
"aspera",26,2,1995,4.15,-59.033333
"aspera",1,4,1995,5.18917,-57.2853
"aspera",NA,4,1995,5.189167,-57.285278
"aspera",16,5,1995,4.16667,-59.05
"aspera",NA,5,1995,4.166667,-59.05
"aspera",16,5,1995,4.17,-59.05
"aspera",16,5,1995,4.166667,-59.05
"aspera",30,7,1995,3.433333,-59.766667
"aspera",30,7,1995,3.43333,-59.76666
"aspera",30,7,1995,3.43,-59.77
"aspera",18,7,1995,3.3,-59.65
"aspera",16,8,1995,6.5,-58.16666
"aspera",20,8,1995,2.67,-59.42
"aspera",16,8,1995,6.5,-58.1667
"aspera",17,10,1995,5.458333,-55.191667
"aspera",17,10,1995,5.45,-55.19
"aspera",31,10,1995,2.775306,-72.292664
"aspera",20,11,1995,4.58333,-58.7333
"aspera",20,11,1995,4.583333,-58.733333
"aspera",NA,11,1995,4.583333,-58.733333
"aspera",2,11,1995,2.72,-72.29
"aspera",24,2,1994,14.106667,-83.328889
"aspera",2,2,1994,2.58,-59.37
"aspera",13,6,1994,2.5,-59.28333
"aspera",12,6,1994,5.541667,-55.191667
"aspera",13,6,1994,2.5,-59.2833
"aspera",13,6,1994,2.5,-59.283333
"aspera",NA,6,1994,2.5,-59.283333
"aspera",12,6,1994,5.5417,-55.1917
"aspera",13,6,1994,2.5,-59.28
"aspera",7,7,1994,-14.74361,-60.96083
"aspera",14,7,1994,4.8,-60.3
"aspera",9,9,1994,5.5,-70.47
"aspera",14,10,1994,-14.6069,-60.8564
"aspera",16,1,1993,4.81667,-60.0167
"aspera",11,2,1993,4.48333,-52.31667
"aspera",30,5,1993,4.36,-67.73
"aspera",15,7,1993,14.16666,-83.41666
"aspera",15,7,1993,12.16666,-83.41666
"aspera",10,8,1993,-2.48,-45
"aspera",14,8,1993,5.71667,-57.95
"aspera",14,8,1993,5.716667,-57.95
"aspera",NA,8,1993,5.716667,-57.95
"aspera",14,8,1993,5.72,-57.95
"aspera",10,8,1993,2.48333,-54.75
"aspera",9,12,1993,5.4,-67.61
"aspera",15,12,1993,4.9,-68.333336
"aspera",10,12,1993,4.55,-71.333336
"aspera",15,12,1993,4.9,-68.33333
"aspera",10,12,1993,4.55,-71.33333
"aspera",NA,NA,1993,4.48333,-52.31666
"aspera",22,3,1992,-8.266667,-72.78
"aspera",22,3,1992,-8.26666,-72.78333
"aspera",22,3,1992,-8.27,-72.78
"aspera",26,5,1992,5.41,-53.06
"aspera",26,5,1992,5.41667,-53.06667
"aspera",17,9,1992,4.71667,-52.28333
"aspera",NA,11,1992,6.5,-58.383333
"aspera",28,11,1992,6.5,-58.38
"aspera",26,4,1990,5.35,-57.37
"aspera",25,4,1990,5.33,-57.35
"aspera",NA,NA,1990,5.36666,-58.11666
"aspera",2,3,1989,6.2,-59.25
"aspera",9,6,1989,5.08333,-52.7
"aspera",3,9,1989,1.65,-58.63333
"aspera",13,9,1989,7.11,-63.23
"aspera",NA,10,1989,5.15,-67.75
"aspera",NA,NA,1989,5.55,-57.66666
"aspera",18,3,1988,6.41667,-58.25
"aspera",28,4,1988,5.316667,-61.05
"aspera",12,5,1988,-2.483333,-54.95
"aspera",3,5,1988,5,-61.16666
"aspera",11,6,1988,4.58333,-52.33333
"aspera",29,6,1988,4.97,-52.43
"aspera",29,6,1988,4.966667,-52.433333
"aspera",12,7,1988,0.366667,-51.066667
"aspera",10,9,1988,3.883333,-58.916667
"aspera",10,9,1988,3.88,-58.91
"aspera",10,9,1988,3.88,-58.92
"aspera",13,2,1987,3.37,-61.42
"aspera",31,3,1987,-12.5,-64.133333
"aspera",10,4,1987,-10.73,-65.25
"aspera",12,4,1987,5.6,-57.58
"aspera",NA,4,1987,5.6,-57.583333
"aspera",13,4,1987,5.6,-57.58
"aspera",10,4,1987,-10.733333,-65.25
"aspera",8,6,1987,-12.45,-67.616667
"aspera",8,6,1987,-12.45,-67.62
"aspera",28,8,1987,-1.5,-60.67
"aspera",25,8,1987,4.1642,-60.58
"aspera",15,8,1987,2.883333,-54.07
"aspera",25,8,1987,1.3,-60.58
"aspera",25,8,1987,1.3,-60.58333
"aspera",25,8,1987,0.3,-60.583333
"aspera",15,8,1987,2.88,-54.06
"aspera",NA,8,1987,2.883333,-54.066667
"aspera",25,8,1987,1.289304,-60.542693
"aspera",27,8,1987,2.6,-54.01667
"aspera",15,8,1987,2.88333,-54.06667
"aspera",4,10,1987,-10.733333,-65.25
"aspera",NA,NA,1987,-10.73333,-65.25
"aspera",26,3,1986,-1.083333,-53.17
"aspera",26,3,1986,-0.183333,-50.733333
"aspera",1,3,1986,-3.03,-60.58
"aspera",26,3,1986,-1.08,-53.17
"aspera",NA,3,1986,-3.033333,-60.583333
"aspera",26,3,1986,-1.05,-52.7
"aspera",NA,4,1986,-3.033333,-60.583333
"aspera",21,4,1986,-3.03,-60.58
"aspera",5,6,1986,3.61666,-53.2
"aspera",5,6,1986,3.61,-53.2
"aspera",5,6,1986,3.62,-53.2
"aspera",5,6,1986,3.61667,-53.2
"aspera",7,6,1986,3.61667,-53.2
"aspera",4,8,1986,-2.666667,-60.33
"aspera",4,8,1986,-2.67,-60.33
"aspera",4,8,1986,-2.666667,-60.333333
"aspera",21,10,1986,4.66666,-61.55
"aspera",17,12,1986,5.71666,-57.53333
"aspera",18,12,1986,5.72,-57.53
"aspera",17,12,1986,5.72,-57.53
"aspera",19,12,1986,5.6,-57.58
"aspera",19,12,1986,5.6,-57.58333
"aspera",16,2,1985,3.1,-59.4
"aspera",NA,2,1985,3.1,-59.4
"aspera",6,3,1985,5.3,-69.01666
"aspera",17,3,1985,4.91667,-52.5
"aspera",6,3,1985,5.3,-68.016667
"aspera",22,8,1985,-0.516667,-76.4
"aspera",NA,8,1985,-3.033333,-60.583333
"aspera",18,8,1985,-3.033333,-60.583333
"aspera",22,8,1985,-0.72,-52.52
"aspera",19,10,1985,4.5,-61.58333
"aspera",29,10,1985,4.5,-61.5
"aspera",14,3,1984,0.616667,-53.2
"aspera",18,3,1984,1.65317,-61.056497
"aspera",14,3,1984,-6.055124,-50.173616
"aspera",8,4,1984,4.2,-51.65
"aspera",2,8,1984,5.33,-55.5
"aspera",14,11,1984,4.81,-67.43
"aspera",NA,NA,1984,-13.08333,-67.25
"aspera",6,2,1983,14.03333,-83.4
"aspera",7,2,1983,14.03333,-83.38333
"aspera",NA,6,1983,5.016667,-61.133333
"aspera",20,6,1983,5.02,-61.13
"aspera",27,7,1983,4.36,-61.75
"aspera",6,5,1982,-8,-63
"aspera",6,5,1982,-0.133333,-63
"aspera",6,5,1982,-7.7997,-63.1692
"aspera",5,6,1982,-5,-63
"aspera",25,7,1982,4.31666,-61.73333
"aspera",4,7,1982,13.55,-84.3
"aspera",25,9,1982,7.35,-62.71
"aspera",25,9,1982,7.35,-62.72
"aspera",27,10,1982,13.50138,-84.25277
"aspera",NA,10,1982,4.65,-60.95
"aspera",6,3,1981,13.55,-84.28333
"aspera",7,3,1981,13.53333,-84.23333
"aspera",9,3,1981,14.08333,-83.33333
"aspera",9,3,1981,14.01666,-83.4
"aspera",10,4,1981,7.46666,-63.23333
"aspera",2,4,1981,11.983333,-83.766667
"aspera",23,4,1981,-0.083333,-47.533333
"aspera",23,4,1981,-2.44666616415804,-54.7089799919966
"aspera",NA,6,1981,3.233333,-8.566667
"aspera",4,8,1981,-1.583333,-55.53
"aspera",4,8,1981,-0.98333,-54.98333
"aspera",4,8,1981,-0.220997,-55.16572
"aspera",NA,10,1981,5.916667,-57.9
"aspera",22,2,1980,-7.516667,-63.17
"aspera",22,2,1980,-7.516667,-63.166667
"aspera",29,3,1980,-1.05,-48.12
"aspera",29,3,1980,-1.05,-48.116667
"aspera",14,5,1980,5.36666,-67.55
"aspera",14,5,1980,5.37,-67.55
"aspera",13,8,1980,-2.17505641973007,-56.7457052359991
"aspera",8,11,1980,5.61,-66.13
"aspera",24,2,1979,13.53333,-84.5
"aspera",4,3,1979,14.71666,-84.1
"aspera",5,3,1979,14.5,-83.833333
"aspera",12,8,1979,14.11555,-87.19472
"aspera",30,9,1979,13.883333,-86.933333
"aspera",22,10,1979,3.47,-59.68
"aspera",7,10,1979,14.45333,-86.66888
"aspera",22,10,1979,3.466667,-59.683333
"aspera",9,10,1979,5.31,-66.28
"aspera",NA,10,1979,3.466667,-59.683333
"aspera",20,10,1979,3.47,-59.68
"aspera",25,10,1979,0.7772,-51.9517
"aspera",7,10,1979,-0.369966872567232,-51.0670524556655
"aspera",9,10,1979,5.32,-66.28
"aspera",22,10,1979,3.46667,-59.68333
"aspera",7,11,1979,5.8,-67.333333
"aspera",31,1,1978,4.78,-52.35
"aspera",18,4,1978,14.683333,-84.05
"aspera",19,4,1978,14.683333,-83.5
"aspera",21,4,1978,14.091667,-83.333333
"aspera",20,4,1978,5.85,-67.41666
"aspera",1,5,1978,14.1,-83.583333
"aspera",29,5,1978,4.05,-66.81
"aspera",31,5,1978,4.05,-66.82
"aspera",29,5,1978,4.05,-66.82
"aspera",11,6,1978,14.05,-83.4
"aspera",14,6,1978,14.39166,-83.69166
"aspera",9,7,1978,-2.23446332059816,-45.2999885675045
"aspera",6,10,1978,14.166667,-83.5
"aspera",13,11,1978,5.8,-67.33
"aspera",17,12,1978,4.33,-61.8
"aspera",NA,12,1978,3.75,-67.066667
"aspera",1,12,1978,-1.66664444855463,-45.3719930444323
"aspera",19,1,1977,-1.15526681981842,-48.1298676975265
"aspera",18,1,1977,-0.861649885008358,-48.1421684328451
"aspera",4,7,1977,4.96,-52.46
"aspera",15,10,1977,3.08205,-60.346275
"aspera",27,10,1977,9.13333,-62.83333
"aspera",28,11,1977,4.4881,-61.1489
"aspera",NA,NA,1977,9.13333,-62.83333
"aspera",5,4,1976,-7.516667,-63.166667
"aspera",6,4,1976,-7.516667,-63.166667
"aspera",12,10,1976,0.706497,-51.444125
"aspera",23,11,1976,15.88333,-84.7
"aspera",23,11,1976,15.88,-84.7
"aspera",29,6,1975,5.35,-67.666667
"aspera",30,9,1975,8.581299,-75.182994
"aspera",14,2,1974,-7.5,-57.25
"aspera",19,3,1974,9.266667,-62.933333
"aspera",1,8,1974,-0.333333,-47.75
"aspera",27,10,1974,9.170278,-79.420278
"aspera",19,4,1973,8.81666,-62.45
"aspera",19,4,1973,8.82,-62.45
"aspera",19,4,1973,8.816667,-62.45
"aspera",4,10,1973,9.12055,-79.04611
"aspera",14,11,1973,11.995,-83.68888
"aspera",17,11,1973,14.03333,-83.38333
"aspera",28,12,1973,4.517778,-69.58
"aspera",30,12,1973,4.574,-71.03
"aspera",30,12,1973,4.562832,-70.998972
"aspera",16,7,1972,13,-84.5
"aspera",5,7,1972,14.58333,-84.01666
"aspera",5,7,1972,14.46666,-84.10833
"aspera",7,7,1972,14.75,-83.416667
"aspera",16,7,1972,14.08333,-83.41666
"aspera",NA,9,1972,-12,-54
"aspera",11,3,1971,14.03333,-83.38333
"aspera",12,3,1971,14.71666,-83.78333
"aspera",12,3,1971,14.75,-83.883333
"aspera",12,3,1971,14.75,-83.88333
"aspera",14,3,1971,14.75,-83.883333
"aspera",17,4,1971,15.722778,-84.544167
"aspera",17,5,1971,5.150162,-69.166722
"aspera",29,6,1971,-7.2808,-64.7678
"aspera",25,11,1971,5.335746,-67.865944
"aspera",19,1,1970,14.733333,-83.966667
"aspera",19,1,1970,14.73333,-83.96666
"aspera",13,5,1970,5.53,-54.8
"aspera",11,7,1970,14.73333,-83.88333
"aspera",15,7,1970,14.75,-83.88333
"aspera",22,7,1970,4.76,-52.31
"aspera",6,9,1970,15.26666,-83.76666
"aspera",12,1,1969,2.416667,-60.18
"aspera",12,1,1969,2.42,-60.18
"aspera",12,1,1969,0.424722,-60.187222
"aspera",NA,1,1969,3.41,-65.66
"aspera",12,1,1969,2.467,-60.208
"aspera",19,8,1969,3.61,-52.31
"aspera",25,11,1968,-9.622332,-64.940057
"aspera",19,9,1967,0.733333,-51.366667
"aspera",13,8,1965,14.61666,-83.91666
"aspera",18,8,1965,14.55,-84
"aspera",24,8,1965,14.54166,-83.99166
"aspera",25,8,1965,14.71666,-84.03333
"aspera",3,7,1963,3.33,-56.82
"aspera",8,7,1963,3.33,-56.81
"aspera",8,7,1963,3.433,-56.625
"aspera",3,7,1963,3.33333,-56.81667
"aspera",8,7,1963,3.33333,-56.43333
"aspera",22,9,1963,3.16666,-56.48333
"aspera",22,9,1963,0.333333,-56.816667
"aspera",22,9,1963,3.1,-56.46
"aspera",3,9,1963,3.642,-56.533
"aspera",22,9,1963,3.25,-56.65
"aspera",3,9,1963,3.6,-56.5
"aspera",22,9,1963,3.33333,-56.81667
"aspera",7,7,1962,0.28,-51.08
"aspera",NA,8,1962,5.33,-54.83
"aspera",9,3,1961,14.73333,-83.97083
"aspera",16,9,1961,0.73,-51.37
"aspera",16,9,1961,44,-51.37
"aspera",8,7,1960,-0.03,-51.08
"aspera",8,7,1960,0.6,-51.316667
"aspera",8,7,1960,-2,-51.08
"aspera",29,7,1960,3.854254,-51.797206
"aspera",8,7,1960,-0.033333,-51.083333
"aspera",18,4,1956,3.38,-59.78
"aspera",6,7,1954,-2.93778648539846,-44.2352209866645
"aspera",31,12,1954,4.98,-60.61
"aspera",31,12,1954,4.983333,-60.616667
"aspera",16,2,1951,4.41,-65.83
"aspera",22,1,1950,-1.03515,-48.125749
"aspera",17,11,1948,-0.8583,-48.1417
"aspera",NA,2,1946,4.61,-61.13
"aspera",3,6,1944,5.31,-55.26
"aspera",14,6,1944,5.25,-55.33
"aspera",22,8,1944,3.16,-65.55
"aspera",1,12,1938,5.1,-60.73
"aspera",9,10,1937,3.75,-59.3
"aspera",18,7,1935,-0.861616883887081,-48.142168432841
"aspera",13,5,1921,4.93,-52.33
"aspera",30,5,1921,4.93,-52.33
"aspera",26,3,1919,-0.5,-63.166667
"aspera",26,11,1919,6.58,-58.13
"aspera",16,8,1913,-0.533333,-52.85
"aspera",21,7,1908,-1.583333,-55.533333
"aspera",NA,10,1908,-0.816667,-39.4
"aspera",NA,10,1884,5.28,-60.76
"aspera",NA,NA,1859,4.93,-52.33
"aspera",NA,7,1850,-2.449614,-54.740486
"aspera",NA,1,1842,2.883333,-54.066667
"aspera",NA,NA,NA,3.9289,-53.2335
"aspera",NA,NA,NA,4.929,-52.3116
"aspera",NA,NA,NA,4.79194,-58.97472
"aspera",NA,NA,NA,8.30667,-73.61528
"aspera",NA,NA,NA,4.93333,-52.33333
"aspera",NA,NA,NA,-7.31306,-76.62556
"aspera",NA,NA,NA,-5.64861,-52.53
"aspera",NA,NA,NA,3.92472,-53.24111
"aspera",NA,NA,NA,-10.8339,-52.8731
"aspera",NA,NA,NA,7.0758,-65.9119
"aspera",NA,NA,NA,4.1006,-55.625
"aspera",NA,NA,NA,3.8558,-52.9708
"aspera",NA,NA,NA,-9.1839,-74.14
"aspera",NA,NA,NA,-16.7261,-64.435
"aspera",NA,NA,NA,4.7364,-58.7017
"aspera",NA,NA,NA,-0.435556,-49.0025
"aspera",NA,NA,NA,5.26689,-53.05158
"aspera",NA,NA,NA,2.72753,-72.2925
"aspera",NA,NA,NA,4.9,-68.333336
"aspera",NA,NA,NA,3.595833,-67.448333
"aspera",NA,NA,NA,2.8025,-72.095
"aspera",NA,NA,NA,6.37942,-71.93183
"aspera",NA,NA,NA,5.3,-68.01667
"aspera",NA,NA,NA,6.088917,-67.710389
"aspera",NA,NA,NA,2.776389,-72.177778
"aspera",NA,NA,NA,6.069944,-67.753972
"aspera",NA,NA,NA,2.666833,-72.179028
"aspera",NA,NA,NA,4.55,-71.333336
"aspera",NA,NA,NA,3.02875,-73.169333
"aspera",NA,NA,NA,2.507778,-72.641944
"aspera",NA,NA,NA,5.30556,-67.94333
"aspera",NA,NA,NA,5.5,-70.475
"aspera",NA,NA,NA,4.75,-70.45
"aspera",NA,NA,NA,5.416667,-54.966667
"barbigera",19,1,2005,-15.801111,-48.834722
"barbigera",25,5,1968,-12.9,-51.87
"bipenicillata",26,9,2018,5.452425,-72.469261
"bipenicillata",23,10,2018,4.969092,-72.822547
"bipenicillata",11,10,2017,6.478967,-71.860544
"bipenicillata",31,8,2015,6.26,-71.91
"bipenicillata",18,11,2014,2.57,-72.71
"bipenicillata",26,8,2012,6.379569,-71.908153
"bipenicillata",9,12,2012,6.444764,-71.880039
"bipenicillata",16,8,2011,4.398833,-73.043383
"bipenicillata",22,5,2010,4.993278,-73.052111
"bipenicillata",1,9,2010,4.891667,-73.281667
"bipenicillata",23,4,2009,9.699611,-84.39525
"bipenicillata",10,10,2009,9.892639,-84.483528
"bipenicillata",13,10,2009,4.863333,-73.267778
"bipenicillata",14,12,2006,9.686422,-84.371972
"bipenicillata",14,12,2006,9.686422,-84.37197
"bipenicillata",29,10,2005,9.9,-84.272222
"bipenicillata",30,10,2004,9.884722,-84.277778
"bipenicillata",27,11,2004,9.883611,-84.4725
"bipenicillata",9,10,2003,3.42,-74.11
"bipenicillata",14,11,2003,9.898658,-84.242156
"bipenicillata",5,11,2003,4.853931,-73.284458
"bipenicillata",11,1,2002,9.96,-84.51
"bipenicillata",9,10,2002,3.42,-74.11
"bipenicillata",9,10,2002,3.428611,-74.115556
"bipenicillata",16,11,2002,9.922222,-84.266667
"bipenicillata",16,1,2001,7.833611,-71.705278
"bipenicillata",NA,1,2001,7.833611,-71.705278
"bipenicillata",16,1,2001,7.8336,-71.7053
"bipenicillata",11,4,2001,9.6842,-84.4394
"bipenicillata",28,11,2001,9.787778,-84.523333
"bipenicillata",1,11,2001,9.695278,-84.437222
"bipenicillata",1,11,2001,9.6953,-84.4372
"bipenicillata",1,11,2001,9.69,-84.43
"bipenicillata",9,12,2001,9.7072,-69.5956
"bipenicillata",7,10,2000,4.888056,-73.250278
"bipenicillata",9,10,1999,4.17896,-73.65047
"bipenicillata",2,1,1997,9.757778,-84.183889
"bipenicillata",23,5,1997,-14.53,-54.51
"bipenicillata",30,9,1997,5.19,-72.61
"bipenicillata",30,11,1997,9.725,-84.258333
"bipenicillata",30,11,1997,9.72,-84.25
"bipenicillata",5,10,1996,8.43416,-80.86055
"bipenicillata",29,11,1996,8.1667,-81.25
"bipenicillata",15,11,1996,9.972222,-84.441667
"bipenicillata",15,11,1996,9.97,-84.44
"bipenicillata",6,11,1996,9.91,-84.28
"bipenicillata",3,1,1995,10.080556,-84.408333
"bipenicillata",NA,1,1995,10.080556,-84.408333
"bipenicillata",3,1,1995,10.08,-84.4
"bipenicillata",17,11,1995,4.178611,-73.647778
"bipenicillata",15,11,1995,4.178611,-73.647778
"bipenicillata",17,11,1995,4.18384,-73.65302
"bipenicillata",15,11,1995,4.18384,-73.65302
"bipenicillata",20,11,1994,9.718056,-84.281944
"bipenicillata",23,11,1994,7.345,-81.73138
"bipenicillata",20,11,1994,9.71,-84.28
"bipenicillata",NA,11,1994,9.718056,-84.281944
"bipenicillata",10,8,1992,9.706667,-84.393056
"bipenicillata",10,8,1992,9.7,-84.39
"bipenicillata",25,11,1992,5.96,-67.36
"bipenicillata",12,9,1986,9.7,-84.333333
"bipenicillata",12,9,1986,9.7,-84.33
"bipenicillata",12,9,1986,9.71,-84.39
"bipenicillata",11,11,1985,8.083889,-81.434722
"bipenicillata",20,11,1985,8.916667,-71.683333
"bipenicillata",20,11,1985,8.92,-71.68
"bipenicillata",16,1,1984,9.79,-84.16
"bipenicillata",16,1,1984,9.8,-84.16
"bipenicillata",NA,7,1984,9.916667,-84.266667
"bipenicillata",9,7,1984,9.91,-84.27
"bipenicillata",18,11,1984,6.83,-66.5
"bipenicillata",NA,NA,1984,6.83333,-66.5
"bipenicillata",8,9,1982,8.533333,-81.116667
"bipenicillata",NA,9,1982,8.533333,-81.116667
"bipenicillata",28,10,1982,9.7,-69.533333
"bipenicillata",NA,10,1982,9.7,-69.533333
"bipenicillata",28,10,1982,9.7,-69.53
"bipenicillata",1,11,1982,9.42416,-69.50861
"bipenicillata",NA,11,1982,9.416667,-69.5
"bipenicillata",1,11,1982,9.683,-69.508
"bipenicillata",23,1,1981,7.78722,-80.79694
"bipenicillata",29,9,1981,7.72,-71.97
"bipenicillata",9,11,1980,5.68,-67.18
"bipenicillata",17,4,1978,5.85,-67.483333
"bipenicillata",20,10,1978,7.65,-72.16666
"bipenicillata",8,12,1977,5.75,-67.5
"bipenicillata",8,12,1977,5.53,-67.53
"bipenicillata",2,10,1976,4.243256,-73.821587
"bipenicillata",NA,6,1975,4.965624,-74.440625
"bipenicillata",1,6,1975,4.981415,-74.421662
"bipenicillata",20,6,1975,9.91,-84.27
"bipenicillata",3,8,1975,8.42833,-82.765
"bipenicillata",1,11,1975,4.241737,-73.823196
"bipenicillata",17,12,1975,10,-84.8333
"bipenicillata",17,12,1975,10.03,-84.56
"bipenicillata",6,12,1975,8.540833,-81.157222
"bipenicillata",17,12,1975,10.01416,-84.61444
"bipenicillata",15,12,1973,8.434167,-80.860556
"bipenicillata",1,11,1971,5.55,-67.59
"bipenicillata",11,12,1971,8.30944,-81.01583
"bipenicillata",27,8,1970,7.61777,-81.75972
"bipenicillata",26,10,1968,10.01777,-84.6025
"bipenicillata",25,12,1966,7.8,-80.683333
"bipenicillata",20,7,1964,4.86656,-73.250881
"bipenicillata",20,2,1963,7.8,-80.75
"bipenicillata",29,11,1963,4.28382,-73.82819
"bipenicillata",12,12,1955,6.03,-67.36
"bipenicillata",13,10,1945,4.157558,-73.635531
"bipenicillata",24,11,1938,8.103056,-80.981667
"bipenicillata",NA,NA,NA,4.178611,-73.647778
"bipenicillata",NA,NA,NA,7.1225,-66.16944
"bipenicillata",NA,NA,NA,8.45444,-71.23972
"bipenicillata",NA,NA,NA,8.50722,-80.10278
"bipenicillata",NA,NA,NA,7.0758,-65.9119
"bipenicillata",NA,NA,NA,3.8811,-72.8667
"bipenicillata",NA,NA,NA,2.6857,-74.1674
"bipenicillata",NA,NA,NA,4.888056,-73.250278
"bipenicillata",NA,NA,NA,4.17896,-73.65047
"bipenicillata",NA,NA,NA,2.574444,-72.713889
"bipenicillata",NA,NA,NA,4.856694,-73.285306
"bipenicillata",NA,NA,NA,4.849444,-73.281389
"bipenicillata",NA,NA,NA,4.863333,-73.267778
"bipenicillata",NA,NA,NA,4.99328,-73.05211
"bipenicillata",NA,NA,NA,4.85393,-73.28446
"bipenicillata",NA,NA,NA,4.17861,-73.64778
"bipenicillata",NA,NA,NA,5.19041,-72.61608
"bipenicillata",NA,NA,NA,4.398833,-73.043383
"bipenicillata",NA,NA,NA,3.42878,-74.11561
"bipenicillata",NA,NA,NA,10.01,-84.48
"bipenicillata",NA,NA,NA,9.9,-84.27
"catharinae",13,2,1993,5.1,-67.3
"catharinae",16,2,1993,4.98,-67.3
"catharinae",NA,9,1989,5.1,-67.4
"catharinae",20,9,1971,4.01,-67.01
"catharinae",20,9,1971,4.86,-67.45
"catharinae",31,1,1949,4.95,-67.4
"catharinae",12,12,1948,4.95,-67.4
"catharinae",NA,NA,NA,7.0758,-65.9119
"catharinae",NA,NA,NA,3.5,-66
"dissitiflora",21,3,1988,5.75,-66.05
"dissitiflora",16,10,1987,1.53333,-65.81666
"dissitiflora",17,10,1987,1.433333,-65.783333
"dissitiflora",17,10,1987,1.43,-65.78
"dissitiflora",12,11,1987,5.77,-66.2
"dissitiflora",12,2,1985,0.908333,-66.04
"dissitiflora",12,2,1985,0.9,-66.04
"dissitiflora",NA,2,1985,0.866667,-66.083333
"dissitiflora",1,2,1985,0.87,-66.08
"dissitiflora",12,2,1985,0.9083,-66.0417
"dissitiflora",12,2,1985,0.908333,-66.041667
"dissitiflora",20,10,1985,5.91666,-66.38333
"dissitiflora",20,10,1985,5.91,-66.38
"dissitiflora",20,10,1985,5.92,-66.38
"dissitiflora",7,2,1984,0.86666,-66.08333
"dissitiflora",7,2,1984,0.88138,-66.08333
"dissitiflora",16,2,1984,0.9,-66.066667
"dissitiflora",16,2,1984,0.9,-66.07
"dissitiflora",7,2,1984,0.87,-66.08
"dissitiflora",7,2,1984,0.875,-66.083
"dissitiflora",7,2,1984,0.881389,-66.083333
"dissitiflora",7,2,1984,0.871667,-66.083333
"dissitiflora",18,4,1984,0.78333,-66.18333
"dissitiflora",5,12,1972,1.5,-65.85
"dissitiflora",21,12,1957,0.98,-65.93
"dissitiflora",15,1,1954,7.1225,-66.16944
"dissitiflora",15,1,1954,0.961111,-65.9917
"dissitiflora",NA,NA,NA,7.0758,-65.9119
"dissitiflora",NA,NA,NA,3.5,-66
"duidae",7,3,1991,4.41,-65.53
"duidae",20,11,1989,4.8,-64.53
"duidae",1,3,1985,3.25,-65.71666
"duidae",1,3,1985,3.83,-65.71
"duidae",10,2,1982,3.83,-65.33
"duidae",14,2,1981,4.58333,-64.25
"duidae",14,2,1981,4.58,-64.25
"duidae",3,10,1979,4.51666,-65.58333
"duidae",NA,10,1979,4.516667,-65.583333
"duidae",29,1,1975,3.23,-65.56
"duidae",22,2,1974,4.81,-64.56
"duidae",24,2,1974,4.81,-64.56
"duidae",22,3,1967,4.75,-64.43
"duidae",2,2,1951,4.41,-65.83
"duidae",1,9,1944,7.0758,-65.9119
"duidae",1,9,1944,3.39511,-65.6046
"duidae",NA,NA,NA,7.0758,-65.9119
"edmundoi",21,10,2016,-6.388611,-50.381111
"edmundoi",23,6,2015,-6.054444,-50.253889
"edmundoi",21,3,2012,-14.226389,-47.73
"edmundoi",8,7,2011,-6.050278,-50.126389
"edmundoi",8,7,2011,-6.052778,-50.126389
"edmundoi",22,5,2010,-6.390556,-50.379167
"edmundoi",10,10,2008,-6.399722,-50.327222
"edmundoi",17,12,2008,-6.039722,-50.277778
"edmundoi",13,12,2007,-6.315,-49.909167
"edmundoi",22,5,1982,-6.07,-50.13
"edmundoi",27,6,1978,-8,-52
"edmundoi",11,6,1978,-6.641589,-51.97281
"edmundoi",28,6,1978,-8,-52
"edmundoi",22,5,1969,-6,-50.3
"edmundoi",24,1,1968,-12.82,-51.77
"fraterna",8,11,2014,5.168889,-60.2175
"fraterna",5,2,2000,5.96883,-62.5395
"fraterna",26,5,1998,5.06778,-59.9469
"fraterna",18,7,1997,5.83278,-61.2347
"fraterna",NA,7,1997,5.832778,-61.234722
"fraterna",5,2,1996,5.89472,-61.0203
"fraterna",7,2,1996,5.98861,-61.06
"fraterna",7,2,1996,6.036111,-61.15
"fraterna",5,2,1996,5.997222,-61.052778
"fraterna",NA,2,1996,5.894722,-61.020278
"fraterna",NA,2,1996,5.988611,-61.06
"fraterna",2,2,1994,2.58333,-59.3667
"fraterna",NA,2,1992,4.5,-65.5
"fraterna",30,5,1990,5.9,-61.0333
"fraterna",30,5,1990,5.9,-61.03
"fraterna",27,2,1987,5.46667,-60.0667
"fraterna",27,2,1987,5.63,-60.07
"fraterna",1,3,1987,5.46667,-60.0667
"fraterna",NA,3,1987,5.466667,-60.066667
"fraterna",1,3,1987,5.47,-60.07
"fraterna",15,1,1986,5.85,-62.05
"fraterna",26,5,1986,5.85,-62.03333
"fraterna",26,5,1986,5.85,-62.03
"fraterna",17,2,1985,3.633333,-65.466667
"fraterna",1,3,1985,3.25,-65.71666
"fraterna",11,3,1985,3.58333,-65.38333
"fraterna",11,3,1985,3.58,-65.38
"fraterna",3,4,1985,5.66666,-61.5
"fraterna",18,2,1984,5.833333,-62.683333
"fraterna",18,2,1984,5.83,-62.68
"fraterna",27,8,1983,5.933333,-62.566667
"fraterna",NA,8,1983,5.933333,-62.566667
"fraterna",27,8,1983,5.93,-62.57
"fraterna",13,10,1983,3.6,-65.38333
"fraterna",13,10,1983,3.6,-65.38
"fraterna",10,12,1983,5.82,-62.58
"fraterna",10,2,1982,3.83,-65.33
"fraterna",NA,2,1982,3.666667,-65.75
"fraterna",10,2,1982,3.67,-65.75
"fraterna",24,7,1982,5.08333,-61.11666
"fraterna",24,7,1982,5.08,-61.11
"fraterna",17,10,1981,5.91,-61
"fraterna",17,10,1981,5.92,-61
"fraterna",10,11,1979,5.95,-60.63
"fraterna",29,1,1975,3.16,-65.51
"fraterna",2,1,1964,5.93,-61.4
"fraterna",18,5,1964,5.91,-62.55
"fraterna",24,4,1960,5.05,-61.36
"fraterna",31,1,1951,4.37213,-65.706
"fraterna",NA,1,1949,5.91,-62.53
"fraterna",NA,NA,NA,7.0758,-65.9119
"fraterna",NA,NA,NA,-10.8339,-52.8731
"fraterna",NA,NA,NA,3.5,-66
"johnwurdackiana",18,3,2012,-16.065858,-50.178486
"johnwurdackiana",18,3,2012,-16.366667,-51.366389
"johnwurdackiana",18,3,2012,-16.733333,-50.388889
"johnwurdackiana",18,3,2012,-16.035709,-50.104255
"johnwurdackiana",7,2,1980,-16.066667,-50.183333
"johnwurdackiana",18,1,1966,-16.0611,-50.001111
"johnwurdackiana",18,1,1966,-14,-50
"johnwurdackiana",NA,NA,NA,-12,-48
"kunhardtii",NA,9,1989,5.08,-67.31
"kunhardtii",15,12,1948,7.0758,-65.9119
"kunhardtii",15,12,1948,5.07064,-67.4499
"kunhardtii",12,12,1948,4.95,-67.4
"karstenii",NA,1,2016,2.264444,-73.796278
"karstenii",4,4,2004,3.32,-73.94
"karstenii",21,10,2004,2.22,-73.78
"karstenii",30,10,2002,2.208333,-73.85
"karstenii",30,10,2002,2.2,-73.86
"karstenii",30,10,2002,2.2,-73.84
"karstenii",19,8,1998,4.11333,-73.47919
"karstenii",16,10,1997,5.02,-72.73
"karstenii",22,10,1997,4.96,-72.72
"karstenii",24,10,1981,4.05,-66.02
"karstenii",25,7,1978,-14.1553857321728,-48.0785788001758
"karstenii",26,10,1976,2.15871,-73.813258
"karstenii",15,9,1974,3.331446,-73.928053
"karstenii",12,12,1969,5.19819,-72.52479
"karstenii",12,12,1969,5.195277,-72.587045
"karstenii",16,7,1949,4.966667,-74.433333
"karstenii",12,11,1938,4.12504,-73.65727
"karstenii",NA,NA,NA,3.8811,-72.8667
"karstenii",NA,NA,NA,0.25,-70.75
"karstenii",NA,NA,NA,3.5,-73
"karstenii",NA,NA,NA,5.01666,-72.75
"karstenii",NA,NA,NA,4.157558,-73.635531
"karstenii",NA,NA,NA,5.025,-72.734
"karstenii",NA,NA,NA,2.20028,-73.8625
"karstenii",NA,NA,NA,3.321,-73.9451
"karstenii",NA,NA,NA,2.229806,-73.783889
"karstenii",NA,NA,NA,2.20833,-73.85
"karstenii",NA,NA,NA,4.965,-72.725
"llanorum",10,6,2016,-8.025556,-50.031944
"llanorum",14,2,2006,1.235833,-51.763889
"llanorum",NA,10,2006,6.75,-66.5167
"llanorum",26,4,1997,-14.83333,-66.38333
"llanorum",15,3,1996,-14.58333,-66.5
"llanorum",5,5,1996,-15.15555,-60.99138
"llanorum",5,5,1996,-15.1556,-60.9914
"llanorum",21,5,1994,-13.65388,-60.83111
"llanorum",25,5,1994,-13.55083,-61.05861
"llanorum",30,5,1994,-13.55083,-61.05861
"llanorum",21,5,1994,-13.6539,-60.8311
"llanorum",30,5,1994,-13.5508,-61.0586
"llanorum",25,5,1994,-13.5508,-61.0586
"llanorum",20,4,1993,-14.53333,-61.01666
"llanorum",20,4,1993,-14.5333,-61.0167
"llanorum",16,4,1991,-14.833333,-66.666667
"llanorum",16,4,1991,-14.83,-66.67
"llanorum",23,6,1991,-13.55,-61
"llanorum",31,5,1990,-13.58,-68.77
"llanorum",NA,11,1988,6.35,-65.55
"llanorum",NA,11,1988,6.66,-65.71
"llanorum",8,9,1985,6.28333,-67.08333
"llanorum",8,9,1985,6.28,-67.08
"llanorum",22,2,1984,-13.08,-67.25
"llanorum",18,11,1984,6.83333,-66.5
"llanorum",NA,NA,1984,-13.08333,-67.25
"llanorum",13,1,1983,-7.78,-51.12
"llanorum",3,11,1982,9.30833,-69.7
"llanorum",3,11,1982,9.3083,-69.7
"llanorum",19,6,1980,-7.52,-63.17
"llanorum",9,10,1979,5.53,-65.95
"llanorum",5,1,1956,6.44,-67.12
"llanorum",24,7,1946,4.093261,-73.355115
"llanorum",15,9,1930,10.1667,-69.8333
"llanorum",13,1,1919,-0.783333,-51.116667
"llanorum",NA,NA,NA,7.0758,-65.9119
"llanorum",NA,NA,NA,-13.6,-61
"llanorum",NA,NA,NA,6.35,-65.55
"mathaei",30,3,2001,-6.08333,-77.1
"mathaei",NA,12,1960,-6.08333,-77.15
"mathaei",NA,NA,1835,-9.1839,-74.14
"mathaei",NA,NA,NA,-9.1839,-74.14
"mathaei",NA,NA,NA,-7,-76.8333
"melastomoides",10,3,2015,-12.348,-46.338
"melastomoides",21,7,2014,-16.403053,-49.252211
"melastomoides",25,7,2014,-13.65,-47.819167
"melastomoides",20,2,2013,-15.82175,-48.709694
"melastomoides",21,2,2013,-15.725444,-48.890056
"melastomoides",21,2,2013,-15.746667,-48.838889
"melastomoides",20,2,2013,-15.821667,-48.709722
"melastomoides",21,2,2013,-15.725556,-48.89
"melastomoides",21,5,2013,-15.725278,-48.876111
"melastomoides",23,5,2013,-15.796389,-48.759444
"melastomoides",22,5,2013,-15.760556,-48.918889
"melastomoides",20,5,2013,-15.825833,-48.773889
"melastomoides",21,3,2012,-14.120864,-47.653017
"melastomoides",20,3,2012,-14.180064,-47.842742
"melastomoides",20,3,2012,-14.296944,-47.920833
"melastomoides",21,3,2012,-14.226389,-47.73
"melastomoides",20,3,2012,-14.179722,-47.842222
"melastomoides",26,4,2012,-15.786,-48.772
"melastomoides",25,4,2012,-15.765,-48.933
"melastomoides",23,4,2012,-15.825833,-48.753333
"melastomoides",26,4,2012,-15.786111,-48.771944
"melastomoides",25,4,2012,-15.765556,-48.932778
"melastomoides",25,4,2012,-15.786667,-48.771111
"melastomoides",3,7,2012,-15.793,-48.893
"melastomoides",3,7,2012,-15.793333,-48.893611
"melastomoides",5,7,2012,-15.715556,-48.892778
"melastomoides",4,7,2012,-15.826111,-48.772222
"melastomoides",28,5,2011,-15.796111,-48.830278
"melastomoides",19,2,2009,-14.185556,-47.626944
"melastomoides",NA,2,2009,-14.18556,-47.62703
"melastomoides",8,5,2007,-13.036666,-48.136388
"melastomoides",16,5,2007,-13.361111,-48.149166
"melastomoides",15,5,2006,-15.798889,-48.818611
"melastomoides",11,8,2006,-8.448889,-47.666944
"melastomoides",17,10,2006,-14.235278,-47.905833
"melastomoides",20,5,2004,-13.823083,-47.457639
"melastomoides",18,4,2002,-13.3775,-48.050277
"melastomoides",18,4,2002,-13.3775,-48.050278
"melastomoides",8,5,2001,-10.55,-46.75
"melastomoides",6,11,1999,-7.357222,-48.372222
"melastomoides",7,5,1998,-14.432222,-48.154444
"melastomoides",23,6,1998,-14.295278,-49.104167
"melastomoides",7,7,1997,-13.71889,-48.29944
"melastomoides",13,4,1996,-14.488611,-48.557222
"melastomoides",11,9,1996,-14.161111,-47.790833
"melastomoides",21,7,1995,-13.966667,-48.3
"melastomoides",7,9,1995,-13.662222,-48.268055
"melastomoides",13,4,1994,-10.283333,-48.216667
"melastomoides",13,4,1992,-14.35,-48.2
"melastomoides",8,7,1992,-14.63333,-48.96667
"melastomoides",5,8,1992,-14.45,-49.08333
"melastomoides",12,10,1992,-14.36667,-48.2
"melastomoides",9,7,1991,-15.55,-48.25
"melastomoides",11,10,1991,-13.566666,-48.166667
"melastomoides",21,6,1990,-14.32,-48.4
"melastomoides",10,9,1982,-15.533333,-47.55
"melastomoides",2,1,1979,-12.694217,-60.099174
"melastomoides",21,4,1978,-11.433333,-47.566667
"melastomoides",8,3,1969,-13.7975,-47.4583
"melastomoides",8,3,1969,-13.86327,-47.5
"melastomoides",NA,NA,NA,-10.77306,-53.08972
"melastomoides",NA,NA,NA,-15.81194,-49.56972
"melastomoides",NA,NA,NA,-12,-48
"melastomoides",NA,NA,NA,-10.8339,-52.8731
"nigricans",27,11,2014,-14.131111,-47.669167
"nigricans",16,11,2014,-15.8325,-48.674722
"nigricans",21,3,2012,-14.143056,-47.703056
"nigricans",13,12,2012,-15.825,-48.693333
"nigricans",13,12,2012,-15.816667,-48.693333
"nigricans",13,12,2012,-15.82,-48.69
"nigricans",10,11,2006,-15.655555,-48.076944
"nigricans",23,11,2006,-15.663333,-47.936666
"papyrus",18,11,2018,-15.794722,-48.813889
"papyrus",29,5,2017,-15.713333,-48.964444
"papyrus",23,8,2017,-11.296667,-47.318333
"papyrus",3,10,2017,-15.72,-48.939444
"papyrus",17,3,2014,-15.475277,-48.491944
"papyrus",17,3,2014,-15.475278,-48.491944
"papyrus",1,9,2014,-11.663333,-47.695833
"papyrus",16,1,2013,-11.990278,-50.641389
"papyrus",20,2,2013,-15.816889,-48.732528
"papyrus",20,2,2013,-15.816944,-48.7325
"papyrus",21,2,2013,-15.713889,-48.893611
"papyrus",20,2,2013,-15.8169,-48.7325
"papyrus",23,5,2013,-15.796389,-48.759444
"papyrus",5,3,2012,-11.692983,-47.716611
"papyrus",18,3,2012,-16.065858,-50.178486
"papyrus",18,3,2012,-17.155278,-51.0025
"papyrus",18,3,2012,-16.035709,-50.104255
"papyrus",24,4,2012,-15.807222,-48.888611
"papyrus",11,8,2012,-16.722778,-53.145
"papyrus",29,10,2011,-16.074722,-50.195278
"papyrus",1,12,2011,-16.071388,-50.181944
"papyrus",1,12,2011,-16.071389,-50.181944
"papyrus",8,8,2010,-11.670555,-47.707222
"papyrus",8,8,2010,-11.670556,-47.707222
"papyrus",26,3,2006,-15.798889,-48.865
"papyrus",29,11,2003,-16.001388,-50.051388
"papyrus",29,11,2003,-16.0014,-50.0514
"papyrus",15,3,2002,-15.8025,-48.847222
"papyrus",NA,6,1998,-15.8175,-48.895833
"papyrus",NA,6,1998,-15.833333,-49.5
"papyrus",27,10,1997,-16.1306220867293,-50.2156233906965
"papyrus",9,2,1988,-15.95,-50.033333
"papyrus",9,2,1988,-15.95,-50.03
"papyrus",9,12,1988,-14.159167,-47.785278
"papyrus",18,1,1972,-15.85,-48.78195
"papyrus",19,1,1966,-14.000618,-50.000564
"papyrus",19,1,1966,-14,-50
"papyrus",19,1,1966,-16.0611,-50.00122
"papyrus",NA,NA,NA,-10.8339,-52.8731
"papyrus",NA,NA,NA,-12,-48
"sipapoana",12,12,1948,7.0758,-65.9119
"sipapoana",12,12,1948,5.0685,-67.4377
"striphnocalyx",15,4,1993,2.266667,-68.366667
"striphnocalyx",9,4,1993,2.2,-68.216667
"striphnocalyx",NA,NA,NA,3.730167,-67.834236
"striphnocalyx",NA,NA,NA,3.808333,-67.7975
"striphnocalyx",NA,NA,NA,3.718056,-67.591389
"striphnocalyx",NA,NA,NA,2.63722,-69.24417
"striphnocalyx",NA,NA,NA,2.63813,-69.23358
"striphnocalyx",NA,NA,NA,3.657222,-67.875
"striphnocalyx",NA,NA,NA,3.119444,-67.788889
"striphnocalyx",NA,NA,NA,3.771111,-67.851944
"striphnocalyx",NA,NA,NA,3.825222,-67.910278
"striphnocalyx",NA,NA,NA,3.25283,-68.20181
"striphnocalyx",NA,NA,NA,4.532222,-68.091111
"striphnocalyx",NA,NA,NA,3.780278,-67.862778
"striphnocalyx",NA,NA,NA,3.706389,-67.5875
"verticillaris",19,2,2013,-15.825972,-48.772833
"verticillaris",19,2,2013,-15.787778,-48.870833
"verticillaris",19,2,2013,-15.781667,-48.8275
"verticillaris",19,2,2013,-15.826111,-48.772778
"verticillaris",7,5,2013,-8.475278,-45.742778
"verticillaris",18,3,2012,-16.065858,-50.178486
"verticillaris",18,3,2012,-16.366667,-51.366389
"verticillaris",18,3,2012,-16.035709,-50.104255
"verticillaris",24,4,2012,-15.789444,-48.881111
"verticillaris",11,12,2012,-15.847,-48.771
"verticillaris",11,12,2012,-15.846944,-48.770833
"verticillaris",25,2,2011,-16.078889,-50.185278
"verticillaris",4,3,2011,-9.69,-52.606
"verticillaris",4,3,2011,-9.690278,-52.606389
"verticillaris",23,3,2010,-8.807778,-49.082778
"verticillaris",17,3,2010,-10.916944,-49.630556
"verticillaris",24,5,2010,-7.695833,-47.5975
"verticillaris",30,1,2008,-9.494722,-55.150556
"verticillaris",25,1,2008,-9.66731,-55.21553
"verticillaris",30,1,2008,-9.49,-55.15
"verticillaris",25,1,2008,-9.67,-55.22
"verticillaris",7,2,2008,-9.499167,-55.796667
"verticillaris",7,2,2008,-9.5,-55.8
"verticillaris",20,8,2008,-9.3506,-55.1308
"verticillaris",20,8,2008,-9.601389,-55.240556
"verticillaris",20,8,2008,-9.59,-55.22
"verticillaris",20,4,2005,-15.030833,-56.362222
"verticillaris",25,3,2004,-12.913889,-47.618056
"verticillaris",25,3,2004,-12.913888,-47.618055
"verticillaris",28,3,2004,-12.926944,-47.69
"verticillaris",18,2,2003,-14.396,-46.572917
"verticillaris",1,1,2001,-13.81667,-48.43333
"verticillaris",25,1,2001,-13.5425,-48.000556
"verticillaris",20,2,2001,-13.417222,-47.080278
"verticillaris",9,2,2000,-15.8106,-54.9178
"verticillaris",6,2,1999,-10.041389,-48.454722
"verticillaris",10,3,1998,-7.583333,-46.833333
"verticillaris",10,3,1998,-7.583333,-46.083333
"verticillaris",22,3,1997,-11.698,-51.428
"verticillaris",14,3,1997,-11.575,-50.977
"verticillaris",14,3,1997,-11.3431,-50.5837
"verticillaris",NA,11,1997,-12.85,-49.1
"verticillaris",8,2,1996,-14.633333,-49
"verticillaris",21,7,1995,-13.586111,-48.3125
"verticillaris",9,2,1994,-14.7094988953584,-47.5248438047386
"verticillaris",18,3,1994,-10.253611,-48.095833
"verticillaris",14,11,1993,-17.366667,-52.166667
"verticillaris",9,3,1992,-13.466666,-48.383333
"verticillaris",6,1,1984,-16,-50.133333
"verticillaris",15,2,1982,-15.57,-48.03
"verticillaris",31,1,1980,-3.416667,-48.62
"verticillaris",31,1,1980,-14.568,-49.51
"verticillaris",31,1,1980,-3.42,-48.62
"verticillaris",31,1,1980,-8.5006,-48.6008
"verticillaris",10,2,1980,-15.916667,-50.15
"verticillaris",27,2,1980,-6.816667,-47.82
"verticillaris",10,2,1980,-15.92,-50.15
"verticillaris",27,2,1980,-6.82,-47.82
"verticillaris",4,3,1978,-13.65,-48.416667
"verticillaris",13,1,1977,-14.733333,-52.333333
"verticillaris",13,1,1977,-14.73,-52.33
"verticillaris",28,1,1976,-17.716667,-48.366667
"verticillaris",3,3,1973,-14.116667,-47.516667
"verticillaris",11,3,1973,-13.273667550479,-47.2204212748853
"verticillaris",13,3,1973,-13.4736720780612,-47.2304222730263
"verticillaris",11,3,1973,-13.4536716251006,-47.2304222379731
"verticillaris",13,4,1973,-18.03476,-43.3833
"verticillaris",24,1,1972,-14.54942,-48.45
"verticillaris",19,1,1972,-15.85,-48.75395
"verticillaris",25,1,1970,-17.84727,-47.61584
"verticillaris",23,1,1970,-17.99421,-47.76956
"verticillaris",8,2,1969,-12.9,-51.87
"verticillaris",8,2,1969,-12.9,-51.866667
"verticillaris",17,3,1969,-13.74613,-47.5167
"verticillaris",28,12,1969,-10.166667,-48.883333
"verticillaris",14,1,1968,-15.85,-52.25
"verticillaris",13,1,1968,-15.8,-48.77
"verticillaris",28,1,1968,-15.88,-48.95
"verticillaris",18,3,1968,-8.93,-48.52
"verticillaris",10,4,1968,-12.9,-51.87
"verticillaris",10,4,1968,-12.9,-51.866667
"verticillaris",1,4,1968,-14.73,-52.33
"verticillaris",15,11,1968,-14.666667,-52.35
"verticillaris",5,12,1967,-12.32,-51.77
"verticillaris",5,12,1967,-12.816667,-51.766667
"verticillaris",5,12,1967,-12.82,-51.77
"verticillaris",21,1,1966,-14,-50
"verticillaris",21,1,1966,-16.15922,-50.1333
"verticillaris",NA,NA,NA,-10.773109,-53.08982
"verticillaris",NA,NA,NA,-6.616667,-45.883333
"verticillaris",NA,NA,NA,-14.4739,-48.4597
"verticillaris",NA,NA,NA,-10.8339,-52.8731
"verticillaris",NA,NA,NA,-12,-48
"rosanae",10,3,2011,-9.756,-52.635
"rosanae",10,3,2011,-9.753,-52.632
"exasperata",21,7,2014,-15.841099,-48.746796
"exasperata",9,12,1988,-14.159167,-47.785278
"exasperata",NA,NA,NA,-10.8339,-52.8731
"huberi",24,11,1989,5.66,-65.13
"huberi",25,3,1988,8,-66
"huberi",25,3,1988,5.71667,-65.3167
"huberi",28,3,1988,5.55,-65.21
"huberi",28,3,1988,8,-66
"huberi",NA,2,1962,6,-65.71
"pogonanthera",27,11,2014,-14.191666,-48.1125
"pogonanthera",6,8,2013,-15.909722,-48.000833
"pogonanthera",11,8,2010,-13.361944,-46.224166
"pogonanthera",23,1,2008,-12.806388,-48.229722
"pogonanthera",25,1,2008,-12.969722,-48.195555
"pogonanthera",27,2,2008,-13.113888,-48.226388
"pogonanthera",5,1,2007,-16.923333,-49.231667
"pogonanthera",5,1,2007,-16.923333,-49.231666
"pogonanthera",14,4,2006,-15.85,-52.267
"pogonanthera",24,4,2005,-18.439444,-51.995278
"pogonanthera",12,3,2004,-13.648055,-46.596111
"pogonanthera",18,2,2003,-16.1425,-48.60333
"pogonanthera",25,1,2001,-13.529444,-48.0675
"pogonanthera",25,1,2001,-13.52944,-48.0675
"pogonanthera",25,1,2001,-13.5425,-48.000556
"pogonanthera",20,2,2001,-13.417222,-48.080278
"pogonanthera",20,2,2001,-13.40306,-48.13972
"pogonanthera",8,5,2001,-10.55,-46.75
"pogonanthera",2,3,2000,-13.80556,-46.84722
"pogonanthera",14,3,1997,-11.575556,-50.976944
"pogonanthera",14,3,1997,-11.573889,-50.983889
"pogonanthera",14,3,1997,-11.573611,-50.983611
"pogonanthera",14,3,1997,-11.575278,-50.976944
"pogonanthera",14,3,1997,-11.5755,-50.977028
"pogonanthera",14,3,1997,-11.573861,-50.983381
"pogonanthera",14,3,1997,-11.3425,-50.5901
"pogonanthera",23,3,1994,-14.53972,-61.49805
"pogonanthera",23,3,1994,-14.5397,-61.4981
"pogonanthera",30,4,1993,-17.55,-48.483333
"pogonanthera",12,4,1992,-14.36667,-48.2
"pogonanthera",13,7,1991,-5.68,-63.1
"pogonanthera",27,5,1985,-16,-62.08
"pogonanthera",8,2,1980,-0.416667,-48.616667
"pogonanthera",NA,NA,NA,-10.8339,-52.8731
"pogonanthera",NA,NA,NA,-16.7261,-64.435
"spruceana",24,2,2018,-0.0425,-70.93972
"spruceana",23,2,2018,0.047583,-70.937556
"spruceana",5,4,2017,5.564083,-68.47
"spruceana",18,6,2017,5.405321,-72.471222
"spruceana",22,6,2017,5.406334,-72.47062
"spruceana",21,6,2017,5.405434,-72.471138
"spruceana",20,6,2017,5.403044,-72.466003
"spruceana",15,1,2016,5.848028,-68.647778
"spruceana",22,1,2016,5.8745,-68.138139
"spruceana",17,1,2016,5.840278,-68.6675
"spruceana",21,1,2016,5.852056,-68.181
"spruceana",27,5,2016,5.787778,-68.86175
"spruceana",13,12,2013,0.818056,-61.656667
"spruceana",26,3,2012,0.8014,-61.6603
"spruceana",5,5,2010,-6.319722,-50.452778
"spruceana",6,2,2004,5.339167,-67.868889
"spruceana",24,11,2003,4.058,-66.905
"spruceana",24,11,2003,3.956,-67.09
"spruceana",24,11,2003,4.024,-66.977
"spruceana",24,11,2003,3.887,-66.985
"spruceana",1,8,2000,-12.919722,-50.876389
"spruceana",5,1,1999,5.195038,-67.833887
"spruceana",6,1,1997,6.183333,-67.48333
"spruceana",13,4,1997,4.9,-67.56666
"spruceana",15,4,1997,4.9,-67.56666
"spruceana",23,1,1995,-14.7433,-61.02
"spruceana",4,4,1995,5.32,-67.9
"spruceana",7,7,1994,-14.7436,-60.9608
"spruceana",28,3,1993,6.56666,-67.08333
"spruceana",31,3,1987,-12.5,-64.133333
"spruceana",8,3,1987,5.68333,-66.15
"spruceana",NA,3,1987,-12.5,-64.133333
"spruceana",31,3,1987,-12.5,-64.13
"spruceana",20,4,1986,-3.05,-60.6
"spruceana",NA,4,1986,-3.05,-60.6
"spruceana",27,2,1985,5.25,-67.9
"spruceana",27,3,1984,-13.08,-67.25
"spruceana",6,10,1983,4.91,-67.71
"spruceana",4,8,1982,6.41666,-67.41666
"spruceana",NA,8,1982,6.416667,-67.416667
"spruceana",27,2,1979,5.29,-67.94
"spruceana",30,6,1979,-0.583333,-64.67
"spruceana",22,6,1979,-16.166667,-49.433333
"spruceana",17,6,1979,-16.166667,-49.433333
"spruceana",29,6,1979,0.58333,-64.66666
"spruceana",29,6,1979,-0.583333,-64.666667
"spruceana",29,6,1979,-35,-64.67
"spruceana",NA,6,1979,-0.583333,-64.666667
"spruceana",26,1,1978,-10.651944,-65.464722
"spruceana",13,10,1978,-0.366151,-63.936481
"spruceana",12,2,1977,2.81650572944009,-60.6743440257471
"spruceana",13,10,1977,5.3,-66.03
"spruceana",22,2,1974,4.81,-64.56
"spruceana",NA,2,1974,4.033333,-67.7
"spruceana",NA,9,1972,-11.8311,-53.4231
"spruceana",NA,3,1970,5.1,-67.8
"spruceana",NA,1,1969,3.16,-65.55
"spruceana",6,7,1969,5.65,-67.63
"spruceana",25,3,1953,3.16,-65.55
"spruceana",15,5,1942,3.16,-65.55
"spruceana",NA,6,1942,3.16,-65.55
"spruceana",3,7,1942,5.23,-67.8
"spruceana",20,5,1940,5.66,-67.62
"spruceana",NA,4,1931,3.75,-66.8
"spruceana",NA,5,1931,5.66,-67.62
"spruceana",1,11,1929,3.16,-65.55
"spruceana",NA,12,1850,-3.067324,-59.995308
"spruceana",NA,NA,NA,-4.14444,-65.08583
"spruceana",NA,NA,NA,7.0758,-65.9119
"spruceana",NA,NA,NA,-10.8339,-52.8731
"spruceana",NA,NA,NA,4.91666,-67.71666
"spruceana",NA,NA,NA,4.98333,-67.71666
"spruceana",NA,NA,NA,4.75,-67.67
"spruceana",NA,NA,NA,5.32139,-67.90028
"spruceana",NA,NA,NA,5.33917,-67.86889
"spruceana",NA,NA,NA,6.183333,-67.48333
"spruceana",NA,NA,NA,5.2968,-67.94158
"spruceana",NA,NA,NA,5.25,-67.9
"steyermarkii",20,11,1989,4.8,-64.53
"steyermarkii",13,2,1974,4.69,-64.22
"steyermarkii",22,3,1967,4.75,-64.43333
"steyermarkii",22,3,1967,4.75,-64.4333
"steyermarkii",22,3,1967,4.75,-64.43
"striphnocalyx",NA,NA,NA,-4.14444,-65.08583
"striphnocalyx",27,2,2018,0.131639,-70.942889
"striphnocalyx",27,2,2018,0.129389,-70.944028
"striphnocalyx",26,2,2018,0.12867,-70.94394
"striphnocalyx",9,6,2015,3.72,-67.82
"striphnocalyx",17,11,2015,3.74,-67.85
"striphnocalyx",5,6,2014,3.73,-67.83
"striphnocalyx",15,10,2014,3.81,-67.8
"striphnocalyx",1,12,2013,3.73,-67.83
"striphnocalyx",11,12,2013,3.65,-67.87
"striphnocalyx",1,12,2013,3.73017,-67.834236
"striphnocalyx",18,8,2010,3.766667,-67.85
"striphnocalyx",13,10,2009,2.724167,-67.567917
"striphnocalyx",21,10,2009,2.16,-68.21
"striphnocalyx",20,3,2007,4.53,-68.09
"striphnocalyx",15,2,2005,1.93022,-67.0161
"striphnocalyx",3,3,2005,3.78,-67.86
"striphnocalyx",9,3,2005,3.8,-67.79
"striphnocalyx",14,6,2005,3.82,-67.91
"striphnocalyx",5,10,2005,3.7,-67.58
"striphnocalyx",2,10,2005,3.11,-67.78
"striphnocalyx",11,10,2005,3.71,-67.59
"striphnocalyx",12,6,2004,-1.30859,-69.59878
"striphnocalyx",3,4,2000,1.92138,-67.04611
"striphnocalyx",20,10,1998,3.655556,-67.877778
"striphnocalyx",21,11,1998,3.25,-68.2
"striphnocalyx",4,1,1997,1.93,-67.06
"striphnocalyx",6,8,1997,-1.29,-69.61
"striphnocalyx",6,8,1997,-1.296944,-69.6175
"striphnocalyx",16,2,1995,2.638129,-69.233576
"striphnocalyx",16,2,1995,2.63333,-69.23333
"striphnocalyx",16,2,1995,2.671389,-69.340836
"striphnocalyx",16,2,1995,2.63,-69.24
"striphnocalyx",25,11,1995,2.87083,-67.30833
"striphnocalyx",15,4,1993,2.266667,-68.366669
"striphnocalyx",2,4,1993,2.1,-68.183334
"striphnocalyx",15,7,1993,-1.28,-69.63
"striphnocalyx",15,7,1993,-1.26,-69.63
"striphnocalyx",27,7,1992,2.183333,-68.216667
"striphnocalyx",8,11,1992,3.15,-67.3
"striphnocalyx",20,10,1989,4.33333,-67.81666
"striphnocalyx",NA,10,1989,3.51,-67.36
"striphnocalyx",NA,11,1989,3.66,-66.86
"striphnocalyx",NA,11,1989,3.2,-67.4
"striphnocalyx",10,1,1988,3.916667,-67.566667
"striphnocalyx",10,1,1988,3.93,-67.58
"striphnocalyx",14,2,1984,0.83333,-66.11666
"striphnocalyx",14,2,1984,0.83,-66.11
"striphnocalyx",6,4,1984,1.78333,-67.26666
"striphnocalyx",25,4,1984,0.833333,-66.083333
"striphnocalyx",26,4,1984,0.833333,-66.116667
"striphnocalyx",25,4,1984,0.83,-66.08
"striphnocalyx",6,4,1984,1.78,-67.1
"striphnocalyx",15,7,1984,0.846667,-66.091667
"striphnocalyx",25,11,1984,1.83333,-66.91666
"striphnocalyx",10,11,1984,4.86,-67.45
"striphnocalyx",20,9,1983,1.95,-67.05
"striphnocalyx",NA,3,1981,1.933333,-67
"striphnocalyx",NA,9,1980,1.933333,-67.05
"striphnocalyx",22,4,1979,1.91666,-67.06666
"striphnocalyx",23,4,1979,1.91666,-67.05
"striphnocalyx",9,3,1978,1.933333,-67.05
"striphnocalyx",13,11,1977,1.91666,-67.05
"striphnocalyx",13,11,1977,1.91666,-67.08333
"striphnocalyx",18,5,1975,1.47,-68
"striphnocalyx",24,4,1974,1.933333,-67.033333
"striphnocalyx",20,4,1970,2.75,-67.55
"striphnocalyx",17,1,1968,1.92,-67
"striphnocalyx",17,1,1968,1.916667,-67
"striphnocalyx",20,11,1953,1.7,-66.76
"striphnocalyx",25,10,1952,1.83,-67
"striphnocalyx",31,10,1952,2.67,-67.5
"striphnocalyx",25,10,1952,1.833333,-67
"striphnocalyx",13,11,1945,1.470419,-68.15227
"striphnocalyx",22,1,1942,2.92,-67.43
"striphnocalyx",NA,4,1853,1.91667,-67.06667
"striphnocalyx",NA,NA,1853,1.2,-66.85
"striphnocalyx",NA,NA,NA,-10,-55
"striphnocalyx",NA,NA,NA,3.34611,-65.6025
"striphnocalyx",NA,NA,NA,7.0758,-65.9119
"striphnocalyx",NA,NA,NA,3.5,-66
"striphnocalyx",NA,NA,NA,-10.8339,-52.8731
"striphnocalyx",NA,NA,NA,3.8811,-72.8667
"striphnocalyx",NA,NA,NA,3.68333,-66.45
"striphnocalyx",NA,NA,NA,3.06666,-67.1
"striphnocalyx",NA,NA,NA,3.51666,-67.36666
"barbigera",9,4,2018,-15.712778,-48.925556
"barbigera",18,2,2017,-17.479444,-51.888889
"barbigera",29,3,2017,-9.58675,-55.916889
"barbigera",21,5,2016,-6.463056,-50.875
"barbigera",25,9,2016,-9.587306,-55.916611
"barbigera",10,10,2016,-10.666667,-48.333333
"barbigera",27,5,2015,-14.473611,-55.680556
"barbigera",23,5,2013,-15.796,-48.759
"barbigera",23,5,2013,-15.796389,-48.759444
"barbigera",18,3,2012,-16.216667,-51.841389
"barbigera",18,3,2012,-16.035709,-50.104255
"barbigera",31,5,2012,-9.365278,-56.782778
"barbigera",23,5,2012,-9.362222,-56.784167
"barbigera",17,6,2012,-19.033333,-49.467778
"barbigera",19,2,2010,-16.851944,-49.239167
"barbigera",17,3,2010,-10.916944,-49.630556
"barbigera",23,3,2010,-8.807778,-49.082778
"barbigera",14,5,2010,-7.912778,-47.231111
"barbigera",3,4,2009,-18.606389,-48.303611
"barbigera",16,1,2008,-11.410278,-48.369444
"barbigera",16,1,2008,-11.410278,-47.138055
"barbigera",16,1,2008,-11.4103,-47.1381
"barbigera",4,1,2007,-15.923333,-49.231667
"barbigera",6,5,2007,-9.3509,-55.5505
"barbigera",6,5,2007,-9.586111,-55.918611
"barbigera",6,5,2007,-9.59,-55.92
"barbigera",10,2,2006,-15.85,-52.267
"barbigera",30,3,2005,-16.536889,-49.286111
"barbigera",29,3,2005,-16.518806,-49.146111
"barbigera",NA,3,2005,-16.518806,-49.146111
"barbigera",22,4,2005,-15.490556,-57.195556
"barbigera",12,3,2004,-13.648056,-46.596111
"barbigera",20,1,2001,-13.529444,-47.0675
"barbigera",25,1,2001,-13.5425,-48.000556
"barbigera",2,3,2000,-13.805556,-46.847222
"barbigera",27,5,2000,-14.748611,-52.566389
"barbigera",17,7,2000,-11.660833,-47.706667
"barbigera",28,3,1997,-13.618,-53.292
"barbigera",23,3,1997,-13.908,-52.078
"barbigera",19,3,1997,-14.6036,-61.4911
"barbigera",26,3,1997,-15.0535,-52.2582
"barbigera",25,3,1997,-15.0535,-52.2582
"barbigera",22,5,1997,-12.3,-60.38
"barbigera",20,5,1997,-14.617,-56.583
"barbigera",3,5,1997,-17.24833,-58.65194
"barbigera",22,5,1997,-0.523889,-60.208889
"barbigera",24,5,1997,-14.35,-55.57
"barbigera",14,6,1997,-13.866667,-56.533333
"barbigera",9,6,1997,-12.634444,-56.335
"barbigera",14,6,1997,-13.51,-56.29
"barbigera",14,6,1997,-13.52,-56.32
"barbigera",5,7,1997,-14.5794,-60.9125
"barbigera",3,8,1997,-6.666667,-44.7
"barbigera",16,3,1996,-15.43,-55.73
"barbigera",1,4,1996,-15.18,-56.67
"barbigera",21,3,1994,-10.124444,-48.270556
"barbigera",1,5,1994,-14.6025,-60.852778
"barbigera",13,5,1994,-14.60583,-61.4925
"barbigera",1,5,1994,-14.6025,-60.8528
"barbigera",12,6,1994,-14.60555,-60.85694
"barbigera",12,6,1994,-14.6056,-60.8569
"barbigera",21,7,1994,-15.25,-56.92
"barbigera",1,8,1994,-15.15,-56.87
"barbigera",6,10,1993,-14.82333,-60.38888
"barbigera",8,10,1993,-14.82333,-60.38888
"barbigera",1,12,1993,-15.24444,-61.50388
"barbigera",1,12,1993,-15.2444,-61.5039
"barbigera",9,3,1992,-13.466667,-48.383333
"barbigera",18,3,1991,-16.6375,-62.45
"barbigera",25,5,1991,-13.65,-60.8
"barbigera",18,4,1988,-14.85,-48.87
"barbigera",18,4,1988,-14.85,-48.86666
"barbigera",25,2,1987,-17.833333,-55.333333
"barbigera",1,3,1987,-16.42,-62
"barbigera",10,2,1986,-16.6786,-49.2539
"barbigera",8,4,1986,-16.033333,-62.083333
"barbigera",8,4,1986,-16.03,-62.08
"barbigera",22,3,1983,-15.5997895735814,-56.0977014111779
"barbigera",7,3,1983,-14.7242715027636,-56.3282119289827
"barbigera",22,5,1982,-6.06666,-50.13333
"barbigera",31,1,1980,-0.333333,-48.333333
"barbigera",8,2,1980,-8.05,-50.17
"barbigera",13,2,1980,-8.05,-50.17
"barbigera",8,2,1980,-8.072222,-50.181944
"barbigera",27,2,1980,-6.816667,-47.816667
"barbigera",13,2,1980,-8.5,-50.17
"barbigera",28,3,1980,-15.7834208090807,-47.9298726661488
"barbigera",31,3,1980,-15.7834208090807,-47.9298726661488
"barbigera",2,2,1979,-15.6489,-56.195
"barbigera",1,3,1978,-16.466667,-49.916667
"barbigera",NA,7,1978,-14.4122647873905,-56.4468180174412
"barbigera",2,3,1977,-16.17,-59.42
"barbigera",13,4,1977,-15.59167,-47.70833
"barbigera",2,5,1977,-16.63,-62.43
"barbigera",29,4,1973,-17.1278,-51.8167
"barbigera",5,5,1973,-15.77955,-51.9912
"barbigera",18,5,1973,-15.5997895735814,-56.0977014111779
"barbigera",13,4,1972,-20.4748760783427,-55.7879090641848
"barbigera",18,3,1968,-8.93,-48.52
"barbigera",1,4,1968,-14.63,-52.23
"barbigera",10,4,1968,-12.9,-51.87
"barbigera",2,4,1968,-14.63,-52.23
"barbigera",1,4,1968,-14.63333,-52.23333
"barbigera",25,5,1968,-12.9,-51.866667
"barbigera",7,5,1968,-12.9455499691,-51.8249179961806
"barbigera",25,5,1968,-12.9,-51.86667
"barbigera",5,3,1966,-16.8270387160443,-49.2444618080405
"barbigera",25,5,1966,-14.13,-52.15
"barbigera",26,6,1966,-17.25,-51.8
"barbigera",5,6,1966,-14.03,-52.12
"barbigera",8,6,1966,-14.6667,-52.33
"barbigera",1,6,1966,-13.92,-52.08
"barbigera",4,6,1966,-16.360833,-58.308611
"barbigera",12,8,1963,-9.83938229365265,-48.7258127080231
"barbigera",22,5,1956,-13.75,-48.83
"barbigera",1,6,1950,-7.33661711060559,-47.4696293562447
"barbigera",4,4,1944,-18.9729787114355,-49.4655833228074
"barbigera",NA,NA,1844,-10.8339,-52.8731
"barbigera",NA,NA,NA,-12.82,-51.77
"barbigera",NA,NA,NA,3.901155,-73.073369
"barbigera",NA,NA,NA,-16.36075,-58.308639
"barbigera",NA,NA,NA,-16.7261,-64.435
"barbigera",NA,NA,NA,-10.8339,-52.8731
"barbigera",NA,NA,NA,-12,-48
"bipenicillata",NA,NA,1846,7.0758,-65.9119
"belizensis",17,9,1942,17.215,-88.525
"belizensis",17,9,1942,16.56694,-88.54777
NA,5,12,1999,-15.066667,-50.166667
NA,7,7,1997,-13.738889,-48.299444
NA,NA,NA,NA,-14.116667,-47.516667
NA,30,12,1993,-15.866667,-47.85
NA,7,12,2006,-15.657778,-48.080556
NA,21,2,2013,-15.746667,-48.838889
NA,2,12,1965,-16,-49
NA,7,12,2006,-15.657777,-48.080555
NA,5,11,2002,-16.20972,-48.21444
NA,23,10,2003,-15.786889,-48.868028
NA,11,4,1976,-15.866667,-47.85
NA,15,2,1982,-15.566667,-48.033333
NA,13,1,2016,-15.8425,-47.816944
NA,21,3,1994,-10.124444,-48.270556
NA,NA,NA,NA,-18.439444,-51.995278
NA,5,3,2015,-11.22333,-47.566111
NA,9,1,1990,-15.965,-47.898611
NA,1,1,2003,-15.866667,-47.85
NA,17,10,2006,-14.235278,-47.905833
NA,8,7,1992,-14.633333,-48.966667
NA,15,1,1972,-15.8525,-48.9592
NA,21,12,1974,-17.8,-48.75
NA,4,1,1990,-15.911111,-47.914167
NA,4,2,1987,-16.77,-47.62
NA,8,4,2010,-18.611389,-48.304722
NA,20,12,1996,-15.583333,-47.883333
NA,6,12,2002,-20.3425,-46.767222
NA,10,1,1990,-15.951944,-47.893611
NA,20,5,2000,-16.7458333333,-47.6944444444
NA,30,11,1999,-14.56667,-48.69917
NA,14,12,1990,-15.883333,-47.933333
NA,16,1,1972,-15.8525,-48.9592
NA,5,12,2002,-20.335,-46.812778
NA,22,1,1998,-15.9,-48
NA,13,1,2004,-20.164444,-47.273056
NA,31,8,1968,-16.7686,-47.6136
NA,8,2,2015,-15.735277,-47.932777
NA,14,1,1981,-15.9236,-48.8086
NA,28,4,2004,-14.071389,-47.509333
NA,30,3,2005,-16.536889,-49.15475
NA,19,2,2013,-15.279444,-48.872222
NA,14,2,2004,-14.072694,-47.509333
NA,20,12,2017,-15.716667,-48.941389
NA,20,12,1974,-17.8,-48.75
NA,24,11,1995,-15.86667,-48.05
NA,18,1,2005,-15.824722,-48.906667
NA,31,8,1968,-15.8525,-48.9592
NA,7,4,2005,-15.873889,-47.847778
NA,18,12,2004,-14.163333,-47.593056
NA,23,1,1979,-14,-47
NA,20,3,2000,-16.745944,-47.694667
NA,8,2,1987,-13.733333,-47.25
NA,24,11,1995,-15.866667,-48.05
NA,5,12,2002,-20.434444,-46.653333
NA,31,8,1982,-16.016667,-48.2
NA,19,2,2013,-15.781389,-48.8275
NA,19,1,1966,-14,-50
NA,8,12,2007,-16.7184,-48.0117
NA,6,12,1997,-14.702778,-47.509167
NA,5,4,2004,-14.072694,-47.509333
NA,15,1,1968,-15.9236,-48.8086
NA,2,12,1965,-15.9236,-48.8086
NA,25,9,2007,-16.6411,-48.0123
NA,2,3,1966,-16.7686,-47.6136
NA,29,11,2003,-20.434444,-46.653333
NA,31,1,1979,-14.116667,-47.516667
NA,12,1,1994,-20.267222,-46.415556
NA,6,4,1966,-14.0931,-46.3694
NA,23,1,1972,-14.4739,-48.4597
NA,17,3,2012,-16.475753,-47.340471
NA,15,4,2014,-15.929444,-47.899444
NA,7,12,1987,-15.8525,-48.9592
NA,13,11,1986,-16.7686,-47.6136
NA,17,1,2012,-15.930833,-47.901944
NA,29,1,1980,-15.95,-47.933333
NA,13,11,1990,-15.75,-48.3
NA,NA,NA,NA,-16.7686,-47.6136
NA,6,12,1997,-14.0725,-47.509167
NA,22,3,1994,-10.295833,-48.127778
NA,26,2,2000,-16.733333,-47.679722
NA,20,1,2002,-17.422833,-47.795583
NA,4,2,1987,-16.766667,-47.616667
NA,18,2,2013,-15.786389,-48.772222
NA,NA,NA,NA,-15.8525,-48.9592
NA,9,1,1995,-15.833333,-47.95
NA,23,12,1999,-15.931944,-48.405833
NA,26,2,2014,-15.450555,-48.055
NA,5,5,2010,-15.78,-47.804444
NA,29,4,2012,-14.11141,-47.73548
NA,19,1,1994,-15.8,-47.96667
NA,NA,NA,NA,-14.404444,-48.416389
NA,NA,NA,NA,-13.666944,-47.801111
NA,17,3,1994,-10.253611,-48.095833
NA,6,3,2015,-11.69421,-47.70079
NA,4,4,1973,-16.7686,-47.6136
NA,23,1,2018,-15.105,-49.033611
NA,2,2,1967,-16.7686,-47.6136
NA,30,4,2012,-14.09739,-47.71183
NA,24,4,2005,-18.439444,-51.995278
NA,10,1,1990,-15.9519,-47.8936
NA,10,3,2007,-15.926389,-47.905556
NA,12,11,1994,-13.8986,-60.8128
NA,27,9,2007,-16.675,-47.9943
NA,31,1,1980,-14.116667,-47.516667
NA,28,10,2010,-13.666833,-47.801167
NA,19,1,1994,-15.8,-47.966667
NA,21,1,1972,-14.4739,-48.4597
NA,11,12,2012,-15.726667,-48.875833
NA,14,1,1981,-30,-52
NA,25,2,1981,-15.95,-47.9
NA,6,4,1966,-14,-46
NA,2,3,1966,-17,-48
NA,17,3,2012,-16.799314,-47.567975
NA,16,12,2002,-15.896111,-47.943333
NA,13,12,2000,-15.7781,-47.8853
NA,22,3,2008,-18.148389,-53.678167
NA,7,2,1994,-15.483935,-47.639318
NA,31,3,2005,-15.866667,-47.85
NA,20,2,2003,-18.066944,-47.272222
NA,20,3,1971,-14.116667,-47.516667
NA,21,3,2012,-14.121667,-47.649722
NA,9,2,1966,-14,-47
NA,9,1,1990,-15.965,-47.8986
NA,26,8,2015,-15.627222,-48.505833
NA,21,2,2013,-15.725444,-48.890056
NA,25,2,2004,-14.072694,-47.509333
NA,13,2,1966,-14,-47
NA,16,2,1979,-14,-47
NA,3,2,1979,-14,-47
NA,14,2,1979,-14.12,-47.5
NA,21,5,1994,-13.766667,-47.5
NA,13,12,2000,-13.566944,-45.084722
NA,10,2,2006,-15.85,-52.267
NA,13,12,2000,-13.56694,-48.08472
NA,8,2,1966,-14,-47
NA,25,1,2008,-9.4002,-55.1256
NA,14,2,1979,-14.116667,-47.5
NA,21,3,1969,-14.116667,-47.516667
NA,21,3,2012,-14.120864,-47.653017
NA,3,2,1979,-14.116667,-47.516667
NA,8,2,1987,-13.73,-47.25
NA,8,2,1981,-14.116667,-47.516667
NA,14,3,1995,-14.133333,-47.45
NA,21,3,2012,-14.071511,-47.391086
NA,11,11,1993,-14.5583,-60.7614
NA,7,2,1981,-14.116667,-47.516667
NA,6,11,1993,-14.8233,-60.3861
NA,14,3,1995,-14.133333,47.45
NA,5,2,1979,-14.116667,-47.516667
NA,14,2,1966,-14,-47
NA,5,1,2009,-9.3116666,-64.606111
NA,16,12,2010,-3.196111,-52.212222
NA,7,5,2013,-9.6516666,-60.709444
NA,28,6,2004,2.6,-54.02
NA,13,2,1987,3.37,-61.42
NA,16,5,1995,4.16667,-59.05
NA,7,3,1983,-14.72,-56.328
NA,23,3,2011,-1.05,-61.25
NA,30,7,1995,3.433333,-59.766667
NA,26,11,1919,6.58,-58.13
NA,3,6,1944,5.31,-55.26
NA,9,10,1937,3.75,-59.3
NA,18,7,2010,1.428,-60.983
NA,14,7,1994,4.8,-60.3
NA,13,12,2013,0.818,-61.657
NA,25,6,2012,-1.06319444,-46.75213889
NA,31,3,1987,-12.5,-64.133333
NA,30,3,2011,-9.4458333,-64.779722
NA,15,8,2017,-7.056586,-51.409722
NA,9,11,2014,-4.596111,-60.158056
NA,NA,NA,NA,4.61,-61.13
NA,22,9,1963,3.1,-56.46
NA,8,5,1859,4.93,-52.33
NA,29,5,1978,4.05,-66.81
NA,31,1,1978,4.78,-52.35
NA,1,3,1986,-3.03,-60.58
NA,18,7,2010,1.428083,-60.982889
NA,22,8,1944,3.16,-65.55
NA,26,2,1995,4.15,-59.0333
NA,2,10,1997,3.94972,-58.8675
NA,16,12,2010,-3.198617,-52.210331
NA,24,6,2014,-2.500833,-45.775
NA,31,12,1954,4.98,-60.61
NA,18,9,1998,1.6638889,-58.7722222
NA,14,8,1993,5.7166667,-57.95
NA,5,4,1976,-7.516667,-63.166667
NA,25,10,2012,-3.33825,-61.404056
NA,10,6,2007,4.69,-52.38
NA,8,7,1963,3.33,-56.81
NA,8,6,1987,-12.45,-67.62
NA,24,9,1972,-12,-54
NA,4,3,2014,-3.844178,-51.832289
NA,27,6,1999,-4.083333,-41.733333
NA,10,4,1987,-10.73,-65.25
NA,20,3,2002,4.793611,-52.416667
NA,8,7,1960,-2,-51.08
NA,16,11,1996,-15,-59.95
NA,25,9,1982,7.35,-62.71
NA,19,8,1969,3.61,-52.31
NA,NA,NA,NA,5.28,-60.76
NA,NA,NA,NA,5.33,-54.83
NA,10,9,1988,3.88,-58.91
NA,13,12,2007,-6.333056,-49.934444
NA,14,8,1993,5.71667,-57.95
NA,9,10,1979,5.31,-66.28
NA,5,4,1996,4.15,-59.0667
NA,18,4,1956,3.38,-59.78
NA,1,4,1995,5.18917,-57.2853
NA,4,7,1977,4.96,-52.46
NA,12,8,2008,5.08,-52.59
NA,2,10,1997,4.0972222,-58.875
NA,13,9,1989,7.11,-63.23
NA,12,8,2013,3.79144,-56.1496
NA,13,5,1970,5.53,-54.8
NA,5,4,1996,4.15,-59.0666667
NA,8,11,1980,5.61,-66.13
NA,2,8,1984,5.33,-55.5
NA,16,2,1951,4.41,-65.83
NA,16,1,1993,4.81667,-60.0167
NA,16,8,1995,6.5,-58.1667
NA,9,12,1993,5.4,-67.61
NA,16,9,1961,44,-51.37
NA,14,11,1984,4.81,-67.43
NA,30,5,1921,4.93,-52.33
NA,13,11,1978,5.8,-67.33
NA,16,2,1985,3.1,-59.4
NA,23,3,1996,4.41667,-58.8333
NA,24,7,2010,1.468278,-61.006889
NA,1,12,1938,5.1,-60.73
NA,17,3,1985,4.91667,-52.5
NA,NA,NA,NA,5.15,-67.75
NA,11,2,2014,-0.944058,-48.020847
NA,12,6,2011,-0.896111,-51.8875
NA,5,10,2012,-1.478806,-60.969
NA,13,6,1994,2.5,-59.2833
NA,23,10,2012,-11.276475,-37.431192
NA,20,11,1995,4.5833333,-58.7333333
NA,26,5,1992,5.41,-53.06
NA,26,10,2012,-3.391944,-61.442139
NA,14,6,1944,5.25,-55.33
NA,10,4,1987,-10.733333,-65.25
NA,8,4,1984,4.2,-51.65
NA,5,6,1986,3.61,-53.2
NA,30,8,2014,-2.485639,-45.778611
NA,12,7,1988,0.366667,-51.066667
NA,8,1,1969,3.41,-65.66
NA,24,4,2007,-8.655556,-64.361389
NA,22,2,1980,-7.516667,-63.166667
NA,23,3,2011,1.049917,-61.249667
NA,12,4,1987,5.6,-57.58
NA,28,10,2012,-4.492356,-61.16415
NA,26,3,1986,-1.08,-53.17
NA,27,9,2014,1.477861,-60.997778
NA,30,5,1993,4.36,-67.73
NA,15,8,1987,2.88,-54.06
NA,13,6,1994,2.5,-59.2833333
NA,20,11,1995,4.58333,-58.7333
NA,22,7,1970,4.76,-52.31
NA,27,7,1983,4.36,-61.75
NA,13,5,1921,4.93,-52.33
NA,30,3,2011,-9.445833,-64.779722
NA,17,11,1948,-0.8583,-48.1417
NA,17,10,1995,5.45,-55.19
NA,24,9,2003,-3.208056,-43.403333
NA,4,10,1987,-10.733333,-65.25
NA,14,2,1974,-7.5,-57.25
NA,18,9,1998,1.65139,-58.6472
NA,10,8,1993,-2.48,-45
NA,10,3,2004,4.61164,-56.5068
NA,9,11,1996,5.64,-67.38
NA,11,5,2007,5.23,-52.78
NA,6,4,1976,-7.516667,-63.166667
NA,4,8,1986,-2.67,-60.33
NA,23,3,1996,4.4166667,-58.8333333
NA,31,5,2012,-9.365278,-56.782778
NA,3,8,1997,-6.666667,-44.7
NA,2,3,2000,-13.805556,-46.847222
NA,27,5,2015,-14.473611,-55.680556
NA,23,5,2013,-15.796,-48.759
NA,23,3,2010,-8.807778,-49.082778
NA,23,5,2013,-15.796389,-48.759444
NA,9,4,2018,-15.712778,-48.925556
NA,10,4,1968,-12.9,-51.87
NA,8,2,1980,-8.05,-50.17
NA,6,5,2007,-9.586111,-55.918611
NA,2,4,1968,-14.63,-52.23
NA,25,1,2001,-13.5425,-48.000556
NA,1,4,1968,-14.63,-52.23
NA,17,7,2000,-11.660833,-47.706667
NA,3,4,2009,-18.606389,-48.303611
NA,1,3,1978,-16.466667,-49.916667
NA,25,3,1997,-15.0535,-52.2582
NA,9,3,1992,-13.466667,-48.383333
NA,25,5,1991,-13.65,-60.8
NA,19,1,2005,-15.801111,-48.834722
NA,17,3,2010,-10.916944,-49.630556
NA,18,3,2012,-16.035709,-50.104255
NA,23,5,2012,-9.362222,-56.784167
NA,12,3,2004,-13.648056,-46.596111
NA,25,9,2016,-9.587306,-55.916611
NA,17,6,2012,-19.033333,-49.467778
NA,13,4,1977,-15.59167,-47.70833
NA,8,4,1986,-16.03,-62.08
NA,6,5,2007,-9.3509,-55.5505
NA,18,4,1988,-14.85,-48.87
NA,2,5,1977,-16.63,-62.43
NA,1,3,1987,-16.42,-62
NA,14,5,2010,-7.912778,-47.231111
NA,29,3,2005,-16.518806,-49.146111
NA,20,1,2001,-13.529444,-47.0675
NA,25,2,1987,-17.833333,-55.333333
NA,13,2,1980,-8.5,-50.17
NA,14,6,1997,-13.52,-56.32
NA,23,3,1997,-13.908,-52.078
NA,27,5,2000,-14.748611,-52.566389
NA,10,10,2016,-10.666667,-48.333333
NA,4,6,1966,-16.360833,-58.308611
NA,25,5,1968,-12.9,-51.87
NA,14,6,1997,-13.866667,-56.533333
NA,30,3,2005,-16.536889,-49.286111
NA,NA,NA,NA,-16.36075,-58.308639
NA,4,1,2007,-15.923333,-49.231667
NA,29,3,2017,-9.58675,-55.916889
NA,10,2,1986,-16.6786,-49.2539
NA,31,3,2005,-16.518806,-49.146111
NA,1,12,1993,-15.2444,-61.5039
NA,9,6,1997,-12.634444,-56.335
NA,16,1,2008,-11.410278,-48.369444
NA,24,5,1997,-14.35,-55.57
NA,19,2,2010,-16.851944,-49.239167
NA,22,4,2005,-15.490556,-57.195556
NA,25,5,1968,-12.9,-51.866667
NA,18,2,2017,-17.479444,-51.888889
NA,14,6,1997,-13.51,-56.29
NA,26,3,1997,-15.0535,-52.2582
NA,20,5,1997,-14.617,-56.583
NA,1,5,1994,-14.6025,-60.8528
NA,12,6,1994,-14.6056,-60.8569
NA,28,3,1997,-13.618,-53.292
NA,12,12,1955,6.03,-67.36
NA,8,12,1977,5.53,-67.53
NA,9,11,1980,5.68,-67.18
NA,20,11,1985,8.92,-71.68
NA,1,11,1971,5.55,-67.59
NA,29,9,1981,7.72,-71.97
NA,3,1,1995,10.0805556,-84.4083333
NA,1,11,2001,9.6953,-84.4372
NA,28,10,1982,9.7,-69.53
NA,23,5,1997,-14.53,-54.51
NA,25,11,1992,5.96,-67.36
NA,1,11,1982,9.683,-69.508
NA,18,11,1984,6.83,-66.5
NA,12,12,1948,4.95,-67.4
NA,13,2,1993,5.1,-67.3
NA,20,9,1971,4.86,-67.45
NA,16,2,1993,4.98,-67.3
NA,NA,NA,NA,5.1,-67.4
NA,31,1,1949,4.95,-67.4
NA,12,11,1987,5.77,-66.2
NA,12,2,1985,0.9,-66.04
NA,15,1,1954,0.961111,-65.9917
NA,21,12,1957,0.98,-65.93
NA,5,12,1972,1.5,-65.85
NA,17,10,1987,1.43,-65.78
NA,7,2,1984,0.881389,-66.083333
NA,20,10,1985,5.91,-66.38
NA,21,3,1988,5.75,-66.05
NA,24,2,1974,4.81,-64.56
NA,22,2,1974,4.81,-64.56
NA,2,2,1951,4.41,-65.83
NA,7,3,1991,4.41,-65.53
NA,29,1,1975,3.23,-65.56
NA,22,3,1967,4.75,-64.43
NA,1,9,1944,3.39511,-65.6046
NA,1,3,1985,3.83,-65.71
NA,20,11,1989,4.8,-64.53
NA,14,2,1981,4.58,-64.25
NA,27,6,1978,-8,-52
NA,22,5,1982,-6.07,-50.13
NA,13,12,2007,-6.315,-49.909167
NA,22,5,2010,-6.390556,-50.379167
NA,10,10,2008,-6.399722,-50.327222
NA,24,1,1968,-12.82,-51.77
NA,11,3,1985,3.58,-65.38
NA,10,11,1979,5.95,-60.63
NA,24,4,1960,5.05,-61.36
NA,7,2,1996,6.0361111,-61.15
NA,30,5,1990,5.9,-61.0333
NA,27,2,1987,5.46667,-60.0667
NA,18,7,1997,5.83278,-61.2347
NA,26,5,1998,5.06778,-59.9469
NA,1,3,1987,5.46667,-60.0667
NA,17,10,1981,5.91,-61
NA,10,2,1982,3.83,-65.33
NA,13,10,1983,3.6,-65.38
NA,24,7,1982,5.08,-61.11
NA,29,1,1975,3.16,-65.51
NA,NA,NA,NA,4.5,-65.5
NA,5,2,1996,5.89472,-61.0203
NA,2,2,1994,2.58333,-59.3667
NA,18,5,1964,5.91,-62.55
NA,5,2,1996,5.9972222,-61.0527778
NA,26,5,1986,5.85,-62.03
NA,8,1,1949,5.91,-62.53
NA,7,2,1996,5.98861,-61.06
NA,2,1,1964,5.93,-61.4
NA,18,3,2012,-16.065858,-50.178486
NA,7,2,1980,-16.066667,-50.183333
NA,NA,NA,NA,5.08,-67.31
NA,15,12,1948,5.07064,-67.4499
NA,24,10,1981,4.05,-66.02
NA,3,11,1982,9.3083,-69.7
NA,30,5,1994,-13.5508,-61.0586
NA,19,6,1980,-7.52,-63.17
NA,NA,NA,NA,6.66,-65.71
NA,5,1,1956,6.44,-67.12
NA,21,5,1994,-13.6539,-60.8311
NA,13,1,1983,-7.78,-51.12
NA,8,9,1985,6.28,-67.08
NA,31,5,1990,-13.58,-68.77
NA,22,2,1984,-13.08,-67.25
NA,25,5,1994,-13.5508,-61.0586
NA,10,6,2016,-8.025556,-50.031944
NA,16,4,1991,-14.83,-66.67
NA,9,10,1979,5.53,-65.95
NA,20,5,2004,-13.823083,-47.457639
NA,8,3,1969,-13.7975,-47.4583
NA,25,4,2012,-15.765556,-48.932778
NA,20,2,2013,-15.82175,-48.709694
NA,23,4,2012,-15.825833,-48.753333
NA,21,5,2013,-15.725278,-48.876111
NA,28,5,2011,-15.796111,-48.830278
NA,20,3,2012,-14.180064,-47.842742
NA,10,3,2015,-12.348,-46.338
NA,11,10,1991,-13.566666,48.1666666
NA,22,5,2013,-15.760556,-48.918889
NA,11,9,1996,-14.161111,-47.790833
NA,7,7,1997,-13.71889,-48.29944
NA,26,4,2012,-15.786111,-48.771944
NA,8,5,2007,-13.036666,-48.136388
NA,20,5,2013,-15.825833,-48.773889
NA,13,4,1992,-14.35,-48.2
NA,11,8,2006,-8.4488888,-47.666944
NA,19,2,2009,-14.185556,-47.626944
NA,4,7,2012,-15.826111,-48.772222
NA,23,6,1998,-14.295278,-49.104167
NA,3,7,2012,-15.793333,-48.893611
NA,18,4,2002,-13.3775,-48.050277
NA,25,7,2014,-13.65,-47.819167
NA,21,7,2014,-16.403053,-49.252211
NA,21,7,1995,-13.966667,-48.3
NA,25,4,2012,-15.786667,-48.771111
NA,25,4,2012,-15.765,-48.933
NA,8,5,2001,-10.55,-46.75
NA,10,9,1982,-15.533333,-47.55
NA,16,5,2007,-13.361111,-48.149166
NA,15,5,2006,-15.798889,-48.818611
NA,7,9,1995,-13.662222,-48.268055
NA,8,7,1992,-14.63333,-48.96667
NA,3,7,2012,-15.793,-48.893
NA,5,7,2012,-15.715556,-48.892778
NA,13,4,1994,-10.283333,-48.216667
NA,18,4,2002,-13.3775,-48.050278
NA,9,7,1991,-15.55,-48.25
NA,12,10,1992,-14.36667,-48.2
NA,5,8,1992,-14.45,-49.08333
NA,7,5,1998,-14.432222,-48.154444
NA,26,4,2012,-15.786,-48.772
NA,13,12,2012,-15.825,-48.693333
NA,23,11,2006,-15.663333,-47.936666
NA,16,11,2014,-15.8325,-48.674722
NA,27,11,2014,-14.131111,-47.669167
NA,7,2,1980,-16.07,-50.18
NA,10,11,2006,-15.655555,-48.076944
NA,10,11,1981,-15.77,-47.72
NA,9,2,1988,-15.95,-50.033333
NA,11,8,2012,-16.722778,-53.145
NA,23,8,2017,-11.296667,-47.318333
NA,17,3,2014,-15.475277,-48.491944
NA,20,2,2013,-15.816889,-48.732528
NA,5,3,2012,-11.692983,-47.716611
NA,24,4,2012,-15.807222,-48.888611
NA,21,2,2013,-15.713889,-48.893611
NA,26,3,2006,-15.798889,-48.865
NA,9,12,1988,-14.159167,-47.785278
NA,29,11,2003,-16.001388,-50.051388
NA,3,10,2017,-15.72,-48.939444
NA,20,2,2013,-15.816944,-48.7325
NA,15,3,2002,-15.8025,-48.847222
NA,1,12,2011,-16.071388,-50.181944
NA,18,11,2018,-15.794722,-48.813889
NA,29,5,2017,-15.713333,-48.964444
NA,8,8,2010,-11.670556,-47.707222
NA,9,2,1988,-15.95,-50.03
NA,29,10,2011,-16.074722,-50.195278
NA,12,12,1948,5.0685,-67.4377
NA,NA,NA,NA,3.51,-67.36
NA,10,1,1988,3.93,-67.58
NA,NA,NA,NA,3.66,-66.86
NA,10,11,1984,4.86,-67.45
NA,24,4,1974,1.933333,-67.033333
NA,4,1,1997,1.93,-67.06
NA,18,5,1975,1.47,-68
NA,14,2,1984,0.83,-66.11
NA,25,4,1984,0.83,-66.08
NA,25,10,1952,1.83,-67
NA,NA,NA,NA,3.2,-67.4
NA,20,11,1953,1.7,-66.76
NA,17,1,1968,1.92,-67
NA,22,1,1942,2.92,-67.43
NA,31,10,1952,2.67,-67.5
NA,6,4,1984,1.78,-67.1
NA,20,4,1970,2.75,-67.55
NA,15,2,2005,1.93022,-67.0161
NA,19,2,2013,-15.787778,-48.870833
NA,8,2,1996,-14.633333,-49
NA,NA,NA,NA,-6.616667,-45.883333
NA,4,3,2011,-9.69,-52.606
NA,25,3,2004,-12.913888,-47.618055
NA,10,3,1998,-7.583333,-46.083333
NA,8,2,1969,-12.9,-51.87
NA,5,12,1967,-12.82,-51.77
NA,10,4,1968,-12.9,-51.866667
NA,6,1,1984,-16,-50.133333
NA,22,3,1997,-11.698,-51.428
NA,20,8,2008,-9.3506,-55.1308
NA,NA,NA,NA,-12.85,-49.1
NA,18,3,1994,-10.253611,-48.095833
NA,25,2,2011,-16.078889,-50.185278
NA,15,11,1968,-14.666667,-52.35
NA,20,4,2005,-15.030833,-56.362222
NA,14,1,1968,-15.85,-52.25
NA,19,2,2013,-15.781667,-48.8275
NA,21,1,1966,-14,-50
NA,1,4,1968,-14.73,-52.33
NA,3,3,1973,-14.116667,-47.516667
NA,11,12,2012,-15.846944,-48.770833
NA,5,12,1967,-12.816667,-51.766667
NA,31,1,1980,-3.42,-48.62
NA,18,2,2003,-14.396,-46.572917
NA,30,1,2008,-9.494722,-55.150556
NA,27,2,1980,-6.82,-47.82
NA,28,1,1976,-17.716667,-48.366667
NA,NA,NA,NA,-14.4739,-48.4597
NA,14,3,1997,-11.3431,-50.5837
NA,19,2,2013,-15.825972,-48.772833
NA,9,3,1992,-13.466666,48.3833333
NA,7,5,2013,-8.475278,-45.742778
NA,13,1,1977,-14.733333,-52.333333
NA,14,11,1993,-17.366667,-52.166667
NA,13,1,1977,-14.73,-52.33
NA,10,2,1980,-15.916667,-50.15
NA,25,3,2004,-12.913889,-47.618056
NA,24,4,2012,-15.789444,-48.881111
NA,14,3,1997,-11.575,-50.977
NA,20,2,2001,-13.417222,-47.080278
NA,24,5,2010,-7.6958333,-47.5975
NA,8,2,1969,-12.9,-51.866667
NA,28,12,1969,-10.166667,-48.883333
NA,10,3,1998,-46.833333,-70.583333
NA,6,2,1999,-10.041389,-48.454722
NA,20,8,2008,-9.601389,-55.240556
NA,15,2,1982,-15.57,-48.03
NA,10,2,1980,-15.92,-50.15
NA,9,2,2000,-15.8106,-54.9178
NA,11,12,2012,-15.847,-48.771
NA,1,1,2001,-13.81667,-48.43333
NA,7,2,2008,-9.499167,-55.796667
NA,21,7,1995,-13.586111,48.3125
NA,10,3,2011,-9.753,-52.632
NA,10,3,2011,-9.756,-52.635
NA,21,7,2014,-15.841099,-48.746796
NA,25,3,1988,5.71667,-65.3167
NA,24,11,1989,5.66,-65.13
NA,NA,NA,NA,6,-65.71
NA,28,3,1988,5.55,-65.21
NA,14,4,2006,-15.85,-52.267
NA,5,1,2007,-16.923333,-49.231667
NA,25,1,2001,-13.529444,-48.0675
NA,20,2,2001,-13.40306,-48.13972
NA,30,4,1993,-17.55,-48.483333
NA,14,3,1997,-11.573861,-50.983631
NA,6,8,2013,-15.909722,-48.000833
NA,14,3,1997,-11.575556,-50.976944
NA,13,7,1991,-5.68,-63.1
NA,27,2,2008,-13.113888,-48.226388
NA,2,3,2000,-13.80556,-46.84722
NA,14,3,1997,-11.5755,-50.977028
NA,12,4,1992,-14.36667,-48.2
NA,20,2,2001,-13.417222,-48.080278
NA,14,3,1997,-11.573889,-50.983889
NA,14,3,1997,-11.3425,-50.5901
NA,18,2,2003,-16.1425,-48.60333
NA,25,1,2001,-13.52944,-48.0675
NA,12,3,2004,-13.648055,-46.596111
NA,14,3,1997,-11.573611,-50.983611
NA,5,1,2007,-16.923333,-49.231666
NA,23,1,2008,-12.806388,-48.229722
NA,23,3,1994,-14.5397,-61.4981
NA,14,3,1997,-11.575278,-50.976944
NA,25,1,2008,-12.969722,-48.195555
NA,27,11,2014,-14.191666,-48.1125
NA,27,5,1985,-16,-62.08
NA,7,7,1994,-14.7436,-60.9608
NA,20,4,1986,-3.05,-60.6
NA,13,12,2013,0.818056,-61.656667
NA,3,7,1942,5.23,-67.8
NA,23,1,1995,-14.7433,-61.02
NA,1,8,2000,-12.919722,-50.876389
NA,29,6,1979,-35,-64.67
NA,NA,NA,NA,5.1,-67.8
NA,31,3,1987,-12.5,-64.13
NA,NA,NA,NA,3.75,-66.8
NA,20,5,1940,5.66,-67.62
NA,27,3,1984,-13.08,-67.25
NA,17,6,1979,-16.166667,-49.433333
NA,15,5,1942,3.16,-65.55
NA,22,6,1979,-16.166667,-49.433333
NA,8,1,1969,3.16,-65.55
NA,NA,NA,NA,3.16,-65.55
NA,1,11,1929,3.16,-65.55
NA,NA,NA,NA,5.66,-67.62
NA,25,3,1953,3.16,-65.55
NA,8,5,2003,-17.881667,-57.550556
NA,27,2,1985,5.25,-67.9
NA,6,10,1983,4.91,-67.71
NA,13,10,1977,5.3,-66.03
NA,6,7,1969,5.65,-67.63
NA,22,3,1967,4.75,-64.4333
NA,13,2,1974,4.69,-64.22
